mobile_name,price
ASUS TUF Dash F15 Core i5 11th Gen - (16 GB/1 TB SSD/Windows 10 Home/4 GB Graphics/NVIDIA GeForce RTX ...,"1,00,990"
ASUS Core i5 5th Gen - (16 GB/512 GB SSD/Windows 10/4 GB Graphics/NVIDIA GeForce RTX 3050Ti) FX706HE-H...,"1,01,590"
ASUS Ryzen 7 Octa Core 5800U - (16 GB/1 TB SSD/Windows 10 Home) UM325SA-KG701TS Thin and Light Laptop,"1,01,990"
HP Omen Core i5 7th Gen - (8 GB/1 TB HDD/128 GB SSD/Windows 10 Home/4 GB Graphics/NVIDIA GeForce GTX 1...,"1,02,551"
ASUS ROG Strix G15 (2021) Ryzen 9 Octa Core R9-5900HX - (16 GB/1 TB SSD/Windows 10 Home/4 GB Graphics/...,"1,02,990"
ASUS TUF Dash F15 Core i5 11th Gen - (16 GB/1 TB SSD/Windows 10 Home/4 GB Graphics/NVIDIA GeForce RTX ...,"1,02,990"
ASUS TUF Gaming F15 (2021) Core i5 11th Gen - (16 GB/1 TB SSD/Windows 10 Home/4 GB Graphics/NVIDIA GeF...,"1,03,980"
Lenovo IdeaPad Gaming 3 Ryzen 5 Hexa Core 5600H - (8 GB/512 GB SSD/Windows 10 Home/4 GB Graphics/NVIDI...,"1,04,890"
ASUS TUF Gaming F15 (2021) Core i5 11th Gen - (16 GB/512 GB SSD/Windows 10 Home/6 GB Graphics/NVIDIA G...,"1,04,990"
MSI GP65 Leopard Core i7 10th Gen - (16 GB/1 TB HDD/256 GB SSD/Windows 10 Home/6 GB Graphics/NVIDIA Ge...,"1,04,990"
ASUS TUF Gaming A15 Ryzen 7 Octa Core 4800H - (8 GB/1 TB SSD/Windows 10 Home/4 GB Graphics/NVIDIA GeFo...,"1,04,990"
ASUS ZenBook 13 (2021) OLED Core i7 11th Gen - (16 GB/1 TB SSD/Windows 10 Home) UX325EA-KG701TS Thin a...,"1,04,990"
ASUS ROG Strix G15 (2020) Core i7 10th Gen - (16 GB/1 TB SSD/Windows 10 Home/4 GB Graphics/NVIDIA GeFo...,"1,04,990"
MSI GL65 Leopard Core i7 10th Gen - (16 GB/1 TB HDD/256 GB SSD/Windows 10 Home/6 GB Graphics/NVIDIA Ge...,"1,04,990"
ASUS ZenBook S Core i7 8th Gen - (16 GB/512 GB SSD/Windows 10 Home) UX391UA-ET012T Thin and Light Lapt...,"1,04,990"
ASUS ASUS TUF Dash Series Core i5 11th Gen - (16 GB/512 GB SSD/Windows 10 Home/6 GB Graphics/NVIDIA Ge...,"1,05,590"
APPLE MacBook Air Core i5 10th Gen - (8 GB/512 GB SSD/Mac OS Catalina) MVH22HN/A,"1,05,990"
ASUS ZenBook Classic Core i5 10th Gen - (8 GB/512 GB SSD/Windows 10 Home/2 GB Graphics) UX434FL-A5822T...,"1,05,990"
ASUS Zenbook 13 OLED Ryzen 7 Octa Core AMD Ryzen™ 7 5700U 5th Gen - (16 GB/1 TB SSD/Windows 10 Home) U...,"1,05,990"
Lenovo Lenovo Legion 5 Ryzen 7 Octa Core 5800H - (16 GB/512 GB SSD/Windows 10 Home/4 GB Graphics/NVIDI...,"1,06,990"
ASUS ZenBook 14 Core i7 11th Gen - (16 GB/512 GB SSD/Windows 10 Home) UX425EA-BM701TS Thin and Light L...,"1,07,000"
ASUS ROG Zephyrus G14 Ryzen 9 Octa Core 4900HS - (16 GB/512 GB SSD/Windows 10 Home/6 GB Graphics/NVIDI...,"1,08,990"
MSI Pulse GL66 Core i7 11th Gen - (16 GB/512 GB SSD/Windows 10 Home/4 GB Graphics/NVIDIA GeForce RTX 3...,"1,08,990"
DELL Inspiron Core i7 10th Gen - (8 GB/512 GB SSD/Windows 10 Home) Inspiron 7391 2 in 1 Laptop,"1,08,990"
Lenovo Lenovo Legion Ryzen 7 Octa Core 5800H - (16 GB/512 GB SSD/Windows 10 Home/4 GB Graphics/NVIDIA ...,"1,09,990"
MSI GF65 Thin Core i7 10th Gen - (16 GB/1 TB SSD/Windows 10 Home/6 GB Graphics/NVIDIA GeForce RTX 3060...,"1,09,990"
APPLE MacBook Air M1 - (8 GB/512 GB SSD/Mac OS Big Sur) MGNE3HN/A,"1,09,990"
APPLE MacBook Air M1 - (8 GB/512 GB SSD/Mac OS Big Sur) MGN73HN/A,"1,09,990"
APPLE MacBook Air M1 - (8 GB/512 GB SSD/Mac OS Big Sur) MGNA3HN/A,"1,09,990"
ASUS TUF Gaming F15 (2021) Core i7 11th Gen - (8 GB/1 TB SSD/Windows 10 Home/4 GB Graphics/NVIDIA GeFo...,"1,09,990"
ASUS ExpertBook B9 Core i5 10th Gen - (8 GB/512 GB SSD/Windows 10 Home) ExpertBook B9 B9450FA Thin and...,"1,09,990"
ASUS ROG Zephyrus G14 Ryzen 7 Octa Core 4800HS 4th Gen - (16 GB/512 GB SSD/Windows 10 Home/6 GB Graphi...,"1,10,990"
APPLE MacBook Pro M1 - (8 GB/256 GB SSD/Mac OS Big Sur) MYD82HN/A,"1,12,990"
APPLE MacBook Pro M1 - (8 GB/256 GB SSD/Mac OS Big Sur) MYDA2HN/A,"1,12,990"
HP Envy Core i5 10th Gen - (16 GB/512 GB SSD/Windows 10 Home/4 GB Graphics) 15-ep0011TX Laptop,"1,13,000"
HP HP Envy Core i5 11th Gen - (16 GB/1 TB SSD/Windows 10 Home/4 GB Graphics) 14-eb0020TX Thin and Ligh...,"1,13,190"
DELL XPS 13 Core i7 8th Gen - (16 GB/512 GB SSD/Windows 10 Home) 9370 Thin and Light Laptop,"1,14,990"
HP Spectre x360 Core i5 10th Gen - (8 GB/512 GB SSD/Windows 10 Home) 13-aw0204TU 2 in 1 Laptop,"1,15,900"
Lenovo Legion 5 Core i7 11th Gen - (16 GB/512 GB SSD/Windows 10 Home/4 GB Graphics/NVIDIA GeForce RTX ...,"1,15,990"
HP 15 Core i7 8th Gen - (8 GB/1 TB HDD/128 GB SSD/Windows 10 Home/4 GB Graphics) 15-dc0082TX Laptop,"1,16,941"
acer Predator Helios 300 Octa Core i7 10th Gen - (16 GB/1 TB HDD/256 GB SSD/Windows 10 Home/6 GB Graph...,"1,16,990"
Lenovo Core i7 11th Gen - (16 GB/512 GB SSD/Windows 10 Home) 82BH004HIN Laptop,"1,17,999"
ASUS Zephyrus G14 Ryzen 7 Octa Core AMD Ryzen™ 7 5800HS 5th Gen - (8 GB/1 TB SSD/Windows 10 Home/4 GB ...,"1,18,850"
ASUS TUF Gaming A17 (2021) Ryzen 7 Octa Core 5800H - (16 GB/1 TB SSD/Windows 10 Home/6 GB Graphics/NVI...,"1,19,990"
MSI Alpha 15 Ryzen 7 Hexa Core - (16 GB/1 TB SSD/Windows 10 Home/8 GB Graphics/AMD Radeon RX6600M/144 ...,"1,19,990"
acer Nitro 5 Ryzen 7 Octa Core - (16 GB/1 TB SSD/Windows 10 Home/6 GB Graphics/NVIDIA GeForce RTX 3060...,"1,19,990"
acer Predator Helios 300 Core i7 10th Gen - (16 GB/1 TB SSD/Windows 10 Home/6 GB Graphics/NVIDIA GeFor...,"1,19,990"
acer Spin 7 Core i7 7th Gen - (8 GB/256 GB SSD/Windows 10 Home) SP714-51 Laptop,"1,19,990"
Lenovo Yoga Core i7 10th Gen - (16 GB/1 TB SSD/Windows 10 Home) Yoga S940-14IIL Thin and Light Laptop,"1,19,990"
DELL XPS Core i5 10th Gen - (8 GB/512 GB SSD/Windows 10 Home) XPS 9300 Thin and Light Laptop,"1,19,990"
Lenovo X390 Core i5 10th Gen - (8 GB/512 GB SSD/Windows 10 Pro) X390 Business Laptop,"1,20,000"
ASUS ROG Strix Hero III Core i7 9th Gen - (16 GB/1 TB HDD/256 GB SSD/Windows 10 Home/6 GB Graphics/NVI...,"1,20,990"
HP Pavilion Core i7 9th Gen - (12 GB/1 TB HDD/512 GB SSD/Windows 10 Home/4 GB Graphics/NVIDIA GeForce ...,"1,22,000"
ASUS ZenBook Duo 14 (2021) Core i5 11th Gen - (16 GB/512 GB SSD/Windows 10 Home/2 GB Graphics) UX482EG...,"1,23,650"
ASUS ROG Zephyrus G14 Ryzen 7 Octa Core 4800HS - (8 GB/1 TB SSD/Windows 10 Home/4 GB Graphics) GA401IH...,"1,23,990"
acer Predator Helios 300 Core i7 10th Gen - (16 GB/1 TB HDD/256 GB SSD/Windows 10 Home/6 GB Graphics/N...,"1,24,000"
ASUS ASUS TUF Dash F15 (2021) Core i7 11th Gen - (16 GB/512 GB SSD/Windows 10 Home/8 GB Graphics/NVIDI...,"1,24,990"
ASUS ZenBook Duo Core i7 10th Gen - (16 GB/1 TB SSD/Windows 10 Home/2 GB Graphics) UX481FL-HJ143TS Thi...,"1,24,990"
ASUS ROG Flow X13 Ryzen 7 Octa Core 5800HS - (16 GB/1 TB SSD/Windows 10 Home/4 GB Graphics/NVIDIA GeFo...,"1,24,990"
Lenovo ThinkPad Core i5 10th Gen - (8 GB/512 GB HDD/512 GB SSD/Windows 10 Pro) T14 Thin and Light Lapt...,"1,25,259"
HP 15 Core i7 8th Gen - (16 GB/1 TB HDD/128 GB SSD/Windows 10 Home/4 GB Graphics) 15-dc0084TX Laptop,"1,26,873"
MSI Pulse GL66 Core i7 11th Gen - (16 GB/1 TB SSD/Windows 10 Home/6 GB Graphics/NVIDIA GeForce RTX 306...,"1,26,990"
HP Spectre x360 Core i5 10th Gen - (8 GB/512 GB SSD/Windows 10 Pro) 13-aw0211TU 2 in 1 Laptop,"1,27,990"
HP OMEN 15 Ryzen 7 Octa Core 5800H - (16 GB/1 TB SSD/Windows 10 Home/6 GB Graphics/NVIDIA GeForce RTX ...,"1,29,990"
acer NITRO 5 Ryzen 9 Octa Core - (16 GB/1 TB HDD/256 GB SSD/Windows 10 Home/8 GB Graphics/NVIDIA GeFor...,"1,29,990"
ASUS ROG Flow X13 (2021) Ryzen 9 Octa Core 5900HS - (16 GB/1 TB SSD/Windows 10 Home/4 GB Graphics/NVID...,"1,29,990"
Lenovo ThinkPad x390 Core i7 10th Gen - (8 GB/512 GB SSD/Windows 10 Pro) ThinkPad X390 Thin and Light ...,"1,29,990"
acer Predator Core i7 11th Gen - (16 GB/1 TB SSD/Windows 10 Home/6 GB Graphics/NVIDIA GeForce RTX 3060...,"1,29,990"
"ASUS ROG Strix G15 Core i7 10th Gen - (16 GB/512 GB, 512 GB SSD/Windows 10 Home/6 GB Graphics/NVIDIA G...","1,29,990"
ASUS Core i7 10th Gen - (16 GB/1 TB SSD/Windows 10 Home/6 GB Graphics/NVIDIA GeForce RTX 2060) G712LU-...,"1,29,990"
acer Predator Helios 300 Core i5 7th Gen - (8 GB/1 TB HDD/128 GB SSD/Windows 10 Home/4 GB Graphics/NVI...,"1,29,999"
APPLE MacBook Pro M1 - (8 GB/512 GB SSD/Mac OS Big Sur) MYDC2HN/A,"1,30,990"
APPLE MacBook Pro M1 - (8 GB/512 GB SSD/Mac OS Big Sur) MYD92HN/A,"1,30,990"
APPLE MacBook Pro M1 - (8 GB/512 GB SSD/Mac OS Big Sur) MYD92HN/A,"1,30,990"
acer Predator Helios 300 Core i7 11th Gen - (16 GB/1 TB HDD/512 GB SSD/Windows 10 Home/4 GB Graphics/N...,"1,30,990"
ASUS ExpertBook B9 Core i5 10th Gen - (8 GB/512 GB SSD/Windows 10 Pro) ExpertBook B9 B9450FA Thin and ...,"1,32,790"
ASUS ZenBook Duo 14 (2021) Core i7 11th Gen - (16 GB/1 TB SSD/Windows 10 Home) UX482EA-HY777TS Thin an...,"1,34,590"
MSI Stealth 15M Core i7 11th Gen - (16 GB/1 TB SSD/Windows 10 Home/6 GB Graphics/NVIDIA GeForce RTX 30...,"1,34,990"
HP Spectre x360 Core i7 11th Gen - (16 GB/1 TB SSD/Windows 10 Home) 13-aw2002TU 2 in 1 Laptop,"1,34,999"
ASUS ROG Strix Edition Core i7 7th Gen - (16 GB/1 TB HDD/128 GB SSD/Windows 10 Home/6 GB Graphics/NVID...,"1,39,990"
ASUS ROG Flow X13 Ryzen 9 Octa Core 5900HS - (16 GB/1 TB SSD/Windows 10 Home/4 GB Graphics/NVIDIA GeFo...,"1,39,990"
ASUS ROG Strix Ryzen 9 Octa Core 5900HX - (16 GB/1 TB SSD/Windows 10 Home/6 GB Graphics/NVIDIA GeForce...,"1,40,990"
ASUS ZenBook Flip 13 Core i7 11th Gen - (16 GB + 32 GB Optane/512 GB SSD/Windows 10 Home) UX363EA-HP70...,"1,40,990"
acer Predator Helios 300 Core i7 11th Gen - (16 GB/1 TB HDD/512 GB SSD/Windows 10 Home/6 GB Graphics/N...,"1,40,990"
Lenovo Legion 5 Pro Ryzen 7 Octa Core 5800H - (16 GB/1 TB SSD/Windows 10 Home/6 GB Graphics/NVIDIA GeF...,"1,42,990"
HP Envy Core i7 10th Gen - (16 GB/1 TB SSD/Windows 10 Home/6 GB Graphics) 15-ep0123TX Laptop,"1,43,990"
ASUS ROG Strix G17 Ryzen 9 Octa Core AMD Ryzen™ 9 5900HX 5th Gen - (16 GB/1 TB SSD/Windows 10 Home/6 G...,"1,44,990"
ASUS ROG Flow X13 (2021) Ryzen 9 Octa Core 5900HS - (16 GB/1 TB SSD/Windows 10 Home/4 GB Graphics/NVID...,"1,44,990"
Lenovo P15s Mobile Workstation Core i5 11th Gen - (16 GB/512 GB SSD/Windows 10 Pro/4 GB Graphics) 20W7...,"1,45,990"
ASUS ROG Core i7 7th Gen - (8 GB/1 TB HDD/256 GB SSD/Windows 10 Home/6 GB Graphics/NVIDIA GeForce GTX ...,"1,46,490"
Lenovo ThinkPad Core i5 10th Gen - (16 GB/512 GB SSD/Windows 10 Pro) X13 Thin and Light Laptop,"1,47,000"
MSI GS Core i7 8th Gen - (16 GB/512 GB SSD/Windows 10 Home/6 GB Graphics/NVIDIA GeForce GTX 1060) GS65...,"1,49,990"
ASUS ZenBook Flip S OLED Core i7 11th Gen Intel EVO - (16 GB/1 TB SSD/Windows 10 Home) UX371EA-HL701TS...,"1,49,990"
HP Spectre x360 Core i5 8th Gen - (8 GB/256 GB SSD/Windows 10 Pro) 13-ap0121TU 2 in 1 Laptop,"1,51,133"
DELL XPS Core i5 11th Gen Intel EVO - (8 GB/512 GB SSD/Windows 10 Home) XPS 9310 Thin and Light Laptop,"1,52,149"
DELL XPS Core i5 11th Gen - (16 GB/512 GB SSD/Windows 10) XPS 9310 Thin and Light Laptop,"1,52,640"
ASUS ROG Strix G15 (2021) Advantage Edition Ryzen 9 Octa Core 5900HX - (16 GB/1 TB SSD/Windows 10 Home...,"1,54,990"
ASUS ExpertBook B9 Core i7 10th Gen - (16 GB/1 TB SSD/Windows 10 Home) ExpertBook B9 B9450FA Thin and ...,"1,54,990"
MSI Summit E15 Core i7 11th Gen - (16 GB/1 TB SSD/Windows 10 Pro/4 GB Graphics) Summit E15 A11SCST-272...,"1,54,990"
ASUS ROG Flow X13 Ryzen 9 Octa Core 5900HS - (32 GB/1 TB SSD/Windows 10 Home/4 GB Graphics/NVIDIA GeFo...,"1,54,990"
Lenovo ThinkPad Core i5 10th Gen - (16 GB/512 GB HDD/512 GB SSD/Windows 10 Pro) T14 Thin and Light Lap...,"1,55,411"
MSI Core i7 8th Gen - (16 GB/1 TB HDD/256 GB SSD/Windows 10 Home/6 GB Graphics/NVIDIA GeForce RTX 2060...,"1,58,990"
MSI WF65 Core i7 10th Gen - (16 GB/1 TB HDD/256 GB SSD/Windows 10 Pro/4 GB Graphics/NVIDIA Quadro T100...,"1,59,990"
acer Predator Triton 300 Core i7 10th Gen - (16 GB/2 TB SSD/Windows 10 Home/8 GB Graphics/NVIDIA GeFor...,"1,59,990"
APPLE MacBook Pro with Touch Bar Core i5 10th Gen - (16 GB/512 GB SSD/Mac OS Catalina) MWP42HN/A,"1,60,990"
APPLE MacBook Pro with Touch Bar Core i5 10th Gen - (16 GB/512 GB SSD/Mac OS Catalina) MWP72HN/A,"1,60,990"
APPLE MacBook Pro Core i5 8th Gen - (8 GB/512 GB SSD/Mac OS Mojave) MV972HN/A,"1,62,990"
HP Spectre x360 Core i7 10th Gen - (16 GB/512 GB SSD/Windows 10 Pro) 13-aw0205tu 2 in 1 Laptop,"1,62,990"
APPLE MacBook Pro Core i5 8th Gen - (8 GB/512 GB SSD/Mac OS Mojave) MV9A2HN/A,"1,62,990"
HP OMEN 15 Ryzen 7 Octa Core 5800H - (16 GB/1 TB SSD/Windows 10 Home/8 GB Graphics/NVIDIA GeForce RTX ...,"1,65,990"
Lenovo Thinkpad P15s Gen 2 Mobile Workstation Core i7 11th Gen - (32 GB/1 TB SSD/Windows 10 Pro/4 GB G...,"1,67,290"
ASUS ExpertBook B9 Core i7 10th Gen - (16 GB/1 TB SSD/Windows 10 Pro) ExpertBook B9 B9450FA Thin and L...,"1,67,990"
ASUS ExpertBook B9 Core i7 10th Gen - (16 GB/1 TB SSD/Windows 10 Pro) ExpertBook B9 B9450FA Thin and L...,"1,67,990"
DELL XPS Core i7 11th Gen - (16 GB/1 TB SSD/Windows 10) XPS 9310 Thin and Light Laptop,"1,69,990"
Lenovo ThinkPad Core i7 10th Gen - (16 GB/512 GB SSD/Windows 10 Pro) X13 Thin and Light Laptop,"1,74,527"
ALIENWARE Core i7 10th Gen - (16 GB/512 GB SSD/Windows 10 Home/6 GB Graphics/NVIDIA GeForce GTX 1660 T...,"1,74,990"
ALIENWARE Core i7 10th Gen - (16 GB/1 TB SSD/Windows 10 Home/6 GB Graphics/NVIDIA GeForce RTX 2060/300...,"1,74,990"
Lenovo Legion 7i Core i7 10th Gen - (16 GB/1 TB SSD/Windows 10 Home/8 GB Graphics/NVIDIA GeForce RTX 2...,"1,74,999"
ASUS ZenBook Pro 15 Core i7 8th Gen - (16 GB/1 TB SSD/Windows 10 Home/4 GB Graphics) UX580GE-E2014T La...,"1,75,190"
APPLE MacBook Pro Core i7 9th Gen - (16 GB/512 GB SSD/Mac OS Catalina/4 GB Graphics) MVVL2HN/A,"1,79,990"
MSI GP76 Core i7 11th Gen - (16 GB/1 TB SSD/Windows 10 Home/8 GB Graphics/NVIDIA GeForce RTX 3070/240 ...,"1,79,990"
APPLE MacBook Pro with Touch Bar Core i5 10th Gen - (16 GB/1 TB SSD/Mac OS Catalina) MWP82HN/A,"1,79,990"
DELL G7 Core i9 10th Gen - (16 GB/1 TB SSD/Windows 10 Home/8 GB Graphics/NVIDIA GeForce RTX 2070/300 H...,"1,79,990"
APPLE MacBook Pro with Touch Bar Core i5 10th Gen - (16 GB/1 TB SSD/Mac OS Catalina) MWP52HN/A,"1,79,990"
MSI GE Core i7 8th Gen - (16 GB/1 TB HDD/512 GB SSD/Windows 10 Home/8 GB Graphics/NVIDIA GeForce GTX 1...,"1,79,990"
HP Spectre x360 Core i7 10th Gen - (16 GB/1 TB SSD/Windows 10 Pro) 13-aw0188TU 2 in 1 Laptop,"1,79,990"
acer Core i7 6th Gen - (16 GB/1 TB HDD/128 GB SSD/Windows 10 Home/4 GB Graphics/NVIDIA GeForce GTX 980...,"1,79,990"
HP Spectre x360 Core i5 10th Gen - (16 GB/512 GB SSD/Windows 10 Pro/4 GB Graphics) 15-eb0014tx 2 in 1 ...,"1,83,990"
MSI Core i7 7th Gen - (16 GB/1 TB HDD/256 GB SSD/Windows 10 Home/8 GB Graphics/NVIDIA GeForce GTX 1070...,"1,85,990"
MSI Stealth Core i7 8th Gen - (16 GB/512 GB SSD/Windows 10 Home/6 GB Graphics/NVIDIA GeForce RTX 2060)...,"1,89,990"
MSI GE66 Raider Core i7 10th Gen - (32 GB/1 TB SSD/Windows 10 Home/8 GB Graphics/NVIDIA GeForce RTX 20...,"1,94,990"
lenovo Yoga 9 Core i7 11th Gen Intel EVO - (16 GB/1 TB SSD/Windows 10 Home) 14ITL5 2 in 1 Laptop,"1,96,999"
MSI GE66 Core i7 11th Gen - (16 GB/1 TB SSD/Windows 10 Home/8 GB Graphics/NVIDIA GeForce RTX 3070/165 ...,"1,99,990"
Avita Cosmos 2 in 1 Celeron Dual Core - (4 GB/64 GB EMMC Storage/Windows 10 Home) NS12T5IN025P 2 in 1 ...,"17,990"
ASUS Chromebook Celeron Dual Core - (4 GB/32 GB EMMC Storage/Chrome OS) C223NA-GJ0074 Thin and Light L...,"18,999"
ASUS ZenBook Pro 15 Core i9 8th Gen - (16 GB/1 TB SSD/Windows 10 Home/4 GB Graphics) UX580GE-E2032T La...,"2,04,990"
ALIENWARE Core i7 9th Gen - (16 GB/1 TB SSD/Windows 10 Home/8 GB Graphics/NVIDIA GeForce RTX 2070) m15...,"2,04,990"
MSI GS66 Core i7 11th Gen - (16 GB/1 TB SSD/Windows 10 Home/8 GB Graphics/NVIDIA GeForce RTX 3070/165 ...,"2,09,990"
APPLE MacBook Pro Core i9 9th Gen - (16 GB/1 TB SSD/Mac OS Catalina/4 GB Graphics) MVVK2HN/A,"2,15,990"
APPLE MacBook Pro Core i9 9th Gen - (16 GB/1 TB SSD/Mac OS Catalina/4 GB Graphics) MVVM2HN/A,"2,15,990"
ASUS Core i7 10th Gen - (32 GB/1 TB SSD/Windows 10 Home/6 GB Graphics/NVIDIA GeForce RTX 2060) UX581LV...,"2,24,990"
ASUS ExpertBook B9 Core i7 10th Gen - (16 GB/2 TB SSD/Windows 10 Pro) ExpertBook B9 B9450FA Thin and L...,"2,33,990"
ASUS ROG Zephyrus S15 Core i7 10th Gen - (32 GB/1 TB SSD/Windows 10 Home/8 GB Graphics/NVIDIA GeForce ...,"2,34,990"
MSI GE75 Raider Core i9 10th Gen - (32 GB/1 TB HDD/512 GB SSD/Windows 10 Home/8 GB Graphics/NVIDIA GeF...,"2,39,990"
ASUS ZenBook Pro Duo 15 (2021) OLED Core i7 10th Gen - (32 GB/1 TB SSD/Windows 10 Home/8 GB Graphics) ...,"2,39,990"
ALIENWARE Core i7 10th Gen - (16 GB/1 TB SSD/Windows 10 Home/8 GB Graphics/NVIDIA GeForce RTX 2070) m1...,"2,43,990"
MSI GS75 Stealth Core i9 10th Gen - (32 GB/1 TB SSD/Windows 10 Home/8 GB Graphics/NVIDIA GeForce RTX 2...,"2,44,990"
MSI GS66 Stealth Core i7 10th Gen - (32 GB/1 TB SSD/Windows 10 Home/8 GB Graphics/NVIDIA GeForce RTX 2...,"2,54,990"
MSI Creator 17 Core i7 10th Gen - (32 GB/1 TB SSD/Windows 10 Home/8 GB Graphics/NVIDIA GeForce RTX 207...,"2,64,990"
ASUS Core i9 10th Gen - (32 GB/1 TB SSD/Windows 10 Home/6 GB Graphics/NVIDIA GeForce RTX 2060) UX581LV...,"2,69,990"
ASUS ROG Flow X13 (2021) Ryzen 9 Octa Core 5980HS - (32 GB/1 TB SSD/Windows 10 Home/4 GB Graphics/NVID...,"2,69,990"
HP Omen X 2S Core i7 9th Gen - (16 GB/1 TB SSD/Windows 10 Home/8 GB Graphics/NVIDIA GeForce RTX 2080) ...,"2,91,000"
MSI GE76 Core i7 11th Gen - (32 GB/2 TB SSD/Windows 10 Home/16 GB Graphics/NVIDIA GeForce RTX 3080/360...,"2,99,990"
HP APU Dual Core A6 A6-9225 - (4 GB/1 TB HDD/DOS) 245 G7 Laptop,"20,900"
Lenovo APU Dual Core A9 A99425 - (4 GB/1 TB HDD/DOS) E41-45 Notebook,"21,896"
ASUS Chromebook Celeron Dual Core - (4 GB/64 GB EMMC Storage/Chrome OS) C423NA-BV0523 Thin and Light L...,"21,999"
ASUS Chromebook Celeron Dual Core - (4 GB/64 GB EMMC Storage/Chrome OS) C523NA-BR0300 Thin and Light L...,"22,499"
HP Chromebook MT8183 - (4 GB/64 GB EMMC Storage/Chrome OS) 11A-NA0002MU Chromebook,"22,990"
ASUS Vivobook 15 Celeron Dual Core - (4 GB/256 GB SSD/Windows 10 Home) X509MA-BR270T Laptop,"23,480"
HP Chromebook MT8183 - (4 GB/64 GB EMMC Storage/Chrome OS) 11a-na0006MU Chromebook,"23,990"
HP Chromebook MT8183 - (4 GB/64 GB EMMC Storage/Chrome OS) 11a-na0004MU Chromebook,"23,990"
ASUS Chromebook Flip Celeron Dual Core - (4 GB/64 GB EMMC Storage/Chrome OS) C214MA-BU0452 2 in 1 Lapt...,"24,999"
HP Athlon Dual Core 3300U - (4 GB/1 TB HDD/DOS) 245 G7 Notebook,"25,490"
ASUS EeeBook 12 Celeron Dual Core 4th Gen - (4 GB/64 GB EMMC Storage/Windows 10 Home) E210MA-GJ012T Th...,"25,990"
Lenovo E41 APU Dual Core A4 A4-5350B - (4 GB/1 TB HDD/DOS) E41-45 Notebook,"25,990"
ASUS Chromebook Celeron Dual Core - (4 GB/64 GB EMMC Storage/Chrome OS) C523NA-A20303 Thin and Light L...,"25,999"
Lenovo E41 APU Dual Core A6 A6-9225 - (4 GB/1 TB HDD/DOS) E41-45 Notebook,"27,990"
Lenovo V15 Athlon Dual Core 3050U - (4 GB/1 TB HDD/DOS) V15 Laptop,"27,990"
HP 14a Celeron Dual Core - (4 GB/64 GB EMMC Storage/Chrome OS) 14a- na0002TU Chromebook,"27,990"
Lenovo Ideapad S145 Ryzen 3 Dual Core 3200U - (4 GB/1 TB HDD/Windows 10 Home) S145-15API Laptop,"27,990"
Lenovo APU Dual Core A9 A99425 - (4 GB/1 TB HDD/Windows 10) E41-45 Notebook,"28,000"
HP Chromebook 14a Celeron Dual Core - (4 GB/64 GB EMMC Storage/Chrome OS) 14a-na0003tu Chromebook,"28,390"
HP 14q APU Dual Core A9 A9-9425 - (4 GB/256 GB SSD/Windows 10 Home) 14q-cy0006AU Thin and Light Laptop,"28,462"
ASUS Celeron Dual Core - (4 GB/1 TB HDD/Windows 10 Home) X515MA-BR004T Thin and Light Laptop,"28,990"
ASUS Pentium Quad Core - (4 GB/1 TB HDD/Windows 10 Home) X543MA-GQ1020T Laptop,"29,990"
ALIENWARE Core i9 10th Gen - (32 GB/1 TB SSD/Windows 10 Home/8 GB Graphics/NVIDIA GeForce RTX 2080 wit...,"3,19,990"
HP Omen X 2S Core i9 9th Gen - (16 GB/2 TB SSD/Windows 10 Home/8 GB Graphics/NVIDIA GeForce RTX 2080) ...,"3,43,000"
Lenovo IdeaPad 3 Celeron Dual Core - (4 GB/64 GB EMMC Storage/Chrome OS) CB 11IGL05 Thin and Light Lap...,"30,290"
HP 15q APU Dual Core A9 A9-9425 - (4 GB/1 TB HDD/Windows 10 Home) 15q-dy0007AU Laptop,"31,414"
HP 14q Core i3 7th Gen - (4 GB/1 TB HDD/DOS) 14q-cs0009TU Thin and Light Laptop,"31,808"
HP 15q Ryzen 3 Dual Core 2200U - (4 GB/1 TB HDD/Windows 10 Home) 15q-dy0004au Laptop,"32,917"
HP 15q Core i3 7th Gen - (4 GB/1 TB HDD/DOS) 15q-ds0015tu Laptop,"32,955"
Lenovo Athlon Dual Core - (4 GB/1 TB HDD/Windows 10) 82C7S02V00 Laptop,"34,499"
HP 14q Core i3 7th Gen - (4 GB/1 TB HDD/Windows 10 Home) 14q-CS0005TU Thin and Light Laptop,"34,688"
ASUS VivoBook 15 Core i3 10th Gen - (4 GB/1 TB HDD/Windows 10 Home) X515JA-BR381T Thin and Light Lapto...,"34,990"
ASUS Vivobook Ryzen 3 Dual Core AMD Ryzen™ 3 3250U - (4 GB/1 TB HDD/Windows 10 Home) M509DA-BR301T Lap...,"34,990"
HP 14q Core i3 7th Gen - (4 GB/1 TB HDD/Windows 10 Home) 14q-cs0014TU Laptop,"35,585"
Lenovo IdeaPad 3 Celeron Dual Core - (4 GB/256 GB SSD/Windows 10 Home) 15IGL05 Thin and Light Laptop,"35,590"
ASUS Vivobook 14 Core i3 10th Gen - (4 GB/1 TB HDD/Windows 10 Home) X409FA-EK617T Thin and Light Lapto...,"35,590"
ASUS Ryzen 3 Quad Core - (4 GB/1 TB HDD/Windows 10) M509DA-BR301T Laptop,"35,750"
HP 14q Core i3 7th Gen - (8 GB/256 GB SSD/Windows 10 Home) 14q-cs0023TU Thin and Light Laptop,"35,811"
ASUS Vivobook 14 Core i3 10th Gen - (4 GB/1 TB HDD/Windows 10 Home) X409FA Notebook,"35,980"
ASUS Vivobook 15 Core i3 10th Gen - (4 GB/1 TB HDD/Windows 10 Home) X509FA-BR301T Laptop,"35,990"
DELL Vostro Core i3 10th Gen - (4 GB/256 GB SSD/Windows 10 Home) Vostro 3401 Thin and Light Laptop,"36,057"
"Lenovo IdeaPad 3 Core i3 10th Gen - (4 GB/256 GB, NA SSD/Windows 10 Home) 15IML05 Thin and Light Lapto...","36,990"
DELL Inspiron Ryzen 3 Dual Core 3250U - (8 GB/256 GB SSD/Windows 10 Home) Inspiron 3505 Laptop,"36,990"
DELL Vostro Core i3 10th Gen - (8 GB/1 TB HDD/Windows 10 Home) Vostro 3401 Thin and Light Laptop,"37,379"
Lenovo Ideapad Slim 3i (2021) Core i3 10th Gen - (4 GB/256 GB SSD/Windows 10 Home) Ideapad 3 15IML05 T...,"37,490"
ASUS Core i3 10th Gen - (4 GB/1 TB HDD/Windows 10 Home) X509FA-BR301T Thin and Light Laptop,"37,490"
ASUS Ryzen 3 Dual Core 3250U - (4 GB/256 GB SSD/Windows 10 Home) M515DA-EJ312TS Thin and Light Laptop,"37,900"
HP 14q Core i3 7th Gen - (4 GB/256 GB SSD/Windows 10 Home) 14q-cs0019TU Thin and Light Laptop,"37,990"
HP 15s Ryzen 3 Dual Core 3250U - (8 GB/1 TB HDD/Windows 10 Home) 15s-GR0011AU Thin and Light Laptop,"38,499"
MICROSOFT Surface Go Pentium Gold - (4 GB/64 GB EMMC Storage/Windows 10 Home in S Mode) 1824 2 in 1 La...,"38,513"
ASUS Core i3 10th Gen - (4 GB/1 TB HDD/Windows 10 Home) 90NB0MS2-M0916 Thin and Light Laptop,"38,590"
acer Aspire 5 Core i3 11th Gen - (4 GB/256 GB SSD/Windows 10 Home) A515-56 Thin and Light Laptop,"38,990"
ASUS Vivobook Core i3 11th Gen - (4 GB/256 GB SSD/Windows 10 Home) X415EA-EK302TS Thin and Light Lapto...,"38,990"
ASUS Pentium Silver - (8 GB/256 GB SSD/Windows 10 Home) E410MA-EK103TS Thin and Light Laptop,"38,990"
Avita Liber Core i5 8th Gen - (8 GB/256 GB SSD/Windows 10 Home) NS13A2IN199P Thin and Light Laptop,"38,990"
ASUS Core i3 10th Gen - (8 GB/1 TB HDD/Windows 10 Home) X409FA-EB616T Thin and Light Laptop,"38,990"
ASUS Core i3 10th Gen - (8 GB/1 TB HDD/Windows 10 Home) X509FA-BQ321T Laptop,"38,990"
HP Ryzen 3 Dual Core 3250U - (8 GB/256 GB SSD/Windows 10 Home) 15s-GY0501AU Thin and Light Laptop,"39,009"
DELL Inspiron Ryzen 3 Dual Core 3250U - (8 GB/256 GB SSD/Windows 10) INSPIRON 3505 Laptop,"39,090"
Lenovo Core i3 10th Gen - (4 GB/1 TB HDD/Windows 10 Home) V15-IIL Laptop,"39,200"
acer Aspire 5 Core i3 11th Gen - (8 GB/1 TB HDD/Windows 10 Home) A514-54 Thin and Light Laptop,"39,490"
Lenovo IdeaPad 3 Core i3 10th Gen - (8 GB/1 TB HDD/Windows 10 Home) 15IML05 Thin and Light Laptop,"39,990"
Lenovo IdeaPad Core i3 10th Gen - (8 GB/256 GB SSD/Windows 10 Home) 14 IML 05 Thin and Light Laptop,"39,990"
Lenovo IdeaPad 3 Core i3 10th Gen - (8 GB/1 TB HDD/Windows 10 Home) 15IML05 Thin and Light Laptop,"39,990"
ASUS Core i3 10th Gen - (4 GB + 32 GB Optane/512 GB SSD/Windows 10 Home) X515JA-EJ372TS Thin and Light...,"39,990"
HP Core i3 11th Gen - (8 GB/256 GB SSD/Windows 10 Home) 14s-DQ2100TU Thin and Light Laptop,"39,990"
ASUS VivoBook Ultra 14 Core i3 10th Gen - (4 GB/512 GB SSD/Windows 10 Home) X413JA-EK268T||X413JA-EB30...,"39,990"
Lenovo IdeaPad 3 Core i3 10th Gen - (8 GB/256 GB SSD/Windows 10 Home) 15IML05 Thin and Light Laptop,"39,990"
Lenovo V15 Core i3 11th Gen - (4 GB/256 GB SSD/Windows 10 Home) 82KB00M0IH Thin and Light Laptop,"39,990"
ASUS VivoBook 15 Core i3 10th Gen - (8 GB/1 TB HDD/Windows 10 Home) X515JA-EJ322TS Thin and Light Lapt...,"40,090"
DELL Vostro Core i3 11th Gen - (8 GB/1 TB HDD/Windows 10) vostro 3400 Thin and Light Laptop,"40,490"
HP 15s Core i3 11th Gen - (8 GB/1 TB HDD/Windows 10 Home) 15s-du3040TU Thin and Light Laptop,"40,490"
DELL Vostro Core i3 11th Gen - (4 GB/1 TB HDD/256 GB SSD/Windows 10 Home) vestro 3400 Thin and Light L...,"40,614"
DELL Vostro Core i3 11th Gen - (8 GB/256 GB SSD/Windows 10) VOSTRO 3400 Thin and Light Laptop,"40,990"
HP 15s Core i3 10th Gen - (8 GB/1 TB HDD/Windows 10 Home) 15s-DU1066TU Thin and Light Laptop,"40,990"
ASUS Vivobook 15 Core i3 11th Gen - (8 GB/1 TB HDD/Windows 10 Home) X515EA-BQ391TS Laptop,"40,990"
ASUS Vivobook 15 Core i3 11th Gen - (8 GB/1 TB HDD/Windows 10 Home) X515EA-BQ391TS Laptop,"40,990"
DELL Vostro Core i3 10th Gen - (8 GB/256 GB SSD/Windows 10 Home) Vostro 3401 Thin and Light Laptop,"41,470"
Lenovo IdeaPad 3 Core i3 11th Gen - (8 GB/256 GB SSD/Windows 10 Home) 15ITL6 Thin and Light Laptop,"41,489"
HP Core i3 11th Gen - (8 GB/256 GB SSD/Windows 10 Home) 15s-FQ2075TU Thin and Light Laptop,"41,490"
HP 14s Core i3 11th Gen - (8 GB/256 GB SSD/Windows 10 Home) 14s-dy2500TU Thin and Light Laptop,"41,490"
Lenovo Core i3 10th Gen - (8 GB/256 GB SSD/Windows 10 Home) 81WA00K1IN Laptop,"41,690"
HP 14s Core i3 11th Gen - (8 GB/256 GB SSD/Windows 10 Home) 14s- DY2501TU Thin and Light Laptop,"41,890"
ASUS Core i3 10th Gen - (8 GB + 32 GB Optane/512 GB SSD/Windows 10 Home) X515JA-EJ362TS Thin and Light...,"41,990"
ASUS VivoBook Ultra 14 Core i3 10th Gen - (4 GB/512 GB SSD/Windows 10 Home) X413JA-EK261T||X413JA-EB30...,"41,990"
HP 15s Core i3 11th Gen - (8 GB/1 TB HDD/Windows 10 Home) 15s-dy3001TU Thin and Light Laptop,"41,990"
ASUS VivoBook Ultra 14 Core i3 10th Gen - (4 GB/512 GB SSD/Windows 10 Home) X413JA-EK267T||X413JA-EB30...,"41,990"
ASUS Core i3 11th Gen - (8 GB/256 GB HDD/256 GB SSD/Windows 10 Home) X515EA-BQ312TS Laptop,"41,990"
RedmiBook 15 e-Learning Edition Core i3 11th Gen - (8 GB/256 GB SSD/Windows 10 Home) Thin and Light La...,"41,999"
Lenovo Ideapad 3 Core i3 10th Gen - (8 GB/1 TB HDD/Windows 10 Home) 15IIL05 Laptop,"41,999"
DELL Vostro 3405 Ryzen 5 Quad Core 3450U - (8 GB/256 GB SSD/Windows 10 Home) Vostro 3405 Thin and Ligh...,"42,250"
DELL Vostro Core i3 11th Gen - (8 GB/1 TB HDD/Windows 10) Vostro 3400 Thin and Light Laptop,"42,380"
DELL INSPIRON Core i3 10th Gen - (8 GB/1 TB HDD/Windows 10 Home) Inspiron 3501 Laptop,"42,490"
HP 15s Core i3 11th Gen - (8 GB/1 TB HDD/Windows 10 Home) 15s-du3038TU Thin and Light Laptop,"42,490"
Lenovo V15 (2021) Core i3 10th Gen - (8 GB/256 GB SSD/Windows 10 Home) 82C500X8IH Thin and Light Lapto...,"42,590"
DELL Inspiron Core i3 11th Gen - (8 GB/1 TB HDD/Windows 10) INSPIRON 3501 Thin and Light Laptop,"42,820"
ASUS Core i3 11th Gen - (8 GB/1 TB HDD/Windows 10 Home) X515EA-BQ391TS Laptop,"42,990"
HP Core i3 10th Gen - (8 GB/512 GB SSD/Windows 10 Home) 15s-DU1516TU Thin and Light Laptop,"42,990"
acer Core i7 8th Gen - (8 GB/1 TB HDD/Windows 10 Home) Z2-485 Thin and Light Laptop,"42,990"
HP 14s Core i3 10th Gen - (4 GB/1 TB HDD/Windows 10 Home) 14s-cf3006TU Thin and Light Laptop,"42,990"
Smartron t.book flex Core m3 7th Gen - (4 GB/128 GB SSD/Windows 10 Home) T1223 2 in 1 Laptop,"42,990"
Lenovo Ideapad Slim 3i (2021) Core i3 10th Gen - (8 GB/1 TB HDD/Windows 10) Ideapad 3 15IML05 Thin and...,"42,990"
ASUS Ryzen 5 Quad Core - (8 GB/1 TB HDD/Windows 10 Home) M415DA-EB502TS Laptop,"42,999"
ASUS Vivobook 15 Core i3 11th Gen - (8 GB/256 GB SSD/Windows 10 Home) X515EA-BQ312TS Laptop,"43,490"
DELL Inspiron 3501 Core i3 10th Gen - (8 GB/256 GB SSD/Windows 10 Home) Inspiron 3501 Thin and Light L...,"43,490"
HP 15s Ryzen 3 Dual Core 3250U - (8 GB/1 TB HDD/256 GB SSD/Windows 10 Home) 15s-GR0012AU Laptop,"43,499"
HP 15s Core i3 8th Gen - (8 GB/1 TB HDD/Windows 10 Home) 15s-du0093TU Thin and Light Laptop,"43,781"
Lenovo Ideapad Slim 3i (2021) Core i3 11th Gen - (8 GB/256 GB SSD/Windows 10 Home) 14 ITL 6 Thin and L...,"43,900"
DELL Core i3 11th Gen - (8 GB/1 TB HDD/Windows 10) INSPIRON 3501 Thin and Light Laptop,"43,990"
Lenovo IdeaPad 3 Ryzen 3 Dual Core 3250U - (8 GB/256 GB SSD/Windows 10 Home) 15ADA05 Thin and Light La...,"43,990"
HP G Series Core i3 10th Gen - (4 GB/512 GB SSD/Windows 10 Home) 250 G8 Thin and Light Laptop,"44,072"
HP 14q Core i5 8th Gen - (8 GB/1 TB HDD/Windows 10 Home) 14q-cs0017tu Thin and Light Laptop,"44,097"
Lenovo IdeaPad 3 Core i3 11th Gen - (8 GB/512 GB SSD/Windows 10 Home) 15ITL6 Thin and Light Laptop,"44,490"
HP 15s Core i3 10th Gen - (8 GB/1 TB HDD/256 GB SSD/Windows 10 Home) 15s-du1064TU Laptop,"44,490"
ASUS Core i3 11th Gen - (4 GB/256 GB SSD/Windows 10 Home) K513EA-BQ303TS Thin and Light Laptop,"44,890"
DELL Core i3 4th Gen - (8 GB/256 GB SSD/Windows 10) Inspiron 3501 Laptop,"44,900"
DELL Inspiron Core i3 10th Gen - (8 GB/1 TB HDD/Windows 10 Home) Inspiron 3501 Thin and Light Laptop,"44,900"
DELL Inspiron Core i3 10th Gen - (8 GB/1 TB HDD/Windows 10 Home) Inspiron 3501 Laptop,"44,900"
ASUS Ryzen 5 Quad Core - (8 GB/1 TB HDD/Windows 10 Home) M515DA-BQ501T Thin and Light Laptop,"44,949"
ASUS VivoBook Ultra K14 (2021) Core i3 11th Gen - (8 GB/512 GB SSD/Windows 10 Home) K413EA-EB302TS Thi...,"44,990"
Lenovo IdeaPad 3 Core i3 11th Gen - (8 GB/512 GB SSD/Windows 10 Home) 15ITL6 Thin and Light Laptop,"44,990"
"ASUS Core i3 11th Gen - (4 GB/256 GB SSD/Windows 10) K513EA- BQ302TS K513EA, Laptop","44,990"
Lenovo Ideapad Slim 3i (2021) Core i3 11th Gen - (8 GB/256 GB SSD/DOS) Ideapad Slim 3i Thin and Light ...,"44,990"
ASUS Vivobook Core i3 11th Gen - (8 GB/256 GB SSD/Windows 10) X513EA-BQ312TS Laptop,"44,990"
realme Book (Slim) Core i3 11th Gen - (8 GB/256 GB SSD/Windows 10 Home) RMNB1001 Thin and Light Laptop,"44,999"
DELL Insprion 3501 Core i3 11th Gen - (8 GB/1 TB HDD/Windows 10 Home) D560423WIN9S Laptop,"45,390"
DELL Core i3 11th Gen - (8 GB/1 TB HDD/Windows 10 Home) D560424WIN9S Laptop,"45,460"
Lenovo IdeaPad Slim 3i (2021) Core i3 11th Gen - (8 GB/512 GB SSD/Windows 10 Home) 14ITL6 Thin and Lig...,"45,990"
HP 15s Core i3 11th Gen - (8 GB/512 GB SSD/Windows 10 Home) 15s-FQ2072TU Thin and Light Laptop,"45,990"
acer Travelmate Core i3 11th Gen - (8 GB/1 TB HDD/256 GB SSD/Windows 10 Home) TravelMate P214-53 Noteb...,"45,990"
HP 14s Ryzen 3 Quad Core 4300U - (8 GB/512 GB SSD/Windows 10 Home) 14s-fr0016AU Thin and Light Laptop,"45,990"
ASUS VivoBook Ultra 14 Core i3 11th Gen - (8 GB/512 GB SSD/Windows 10 Home) X413EA-EB322TS Thin and Li...,"45,990"
DELL Inspiron 3501 Core i3 11th Gen - (4 GB/1 TB HDD/256 GB SSD/Windows 10) Inspiron 3501 Laptop,"45,990"
HP 14s Core i3 10th Gen - (8 GB/512 GB SSD/Windows 10 Home) 14s-DR1008TU Thin and Light Laptop,"45,990"
ASUS ZenBook Core i5 8th Gen - (8 GB/256 GB SSD/Windows 10 Home) UX430UA-GV573T Thin and Light Laptop,"45,990"
HP 15s Core i3 10th Gen - (4 GB/1 TB HDD/Windows 10 Home/2 GB Graphics) 15s-du2060TX Thin and Light La...,"45,999"
HP 250-G6 Core i5 7th Gen - (4 GB/1 TB HDD/DOS/2 GB Graphics) 2RC10PA Laptop,"46,200"
Lenovo IdeaPad Slim 3i (2021) Core i3 11th Gen - (8 GB/256 GB SSD/Windows 10 Home) IdeaPad 3 14ITL6 Th...,"46,490"
DELL INSPIRON Core i3 11th Gen - (8 GB/256 GB SSD/Windows 10 Home) Inspiron 3501 Laptop,"46,498"
ASUS Core i3 11th Gen - (8 GB/512 GB SSD/Windows 10 Home) K413EA-EB303TS Thin and Light Laptop,"46,990"
Lenovo Ideapad 330 Core i5 8th Gen - (8 GB/1 TB HDD/Windows 10 Home/2 GB Graphics) 330-15IKB Laptop,"46,990"
HP Core i3 11th Gen - (8 GB/512 GB SSD/Windows 10 Home) 15s-FR2006TU Thin and Light Laptop,"47,450"
HP Core i3 11th Gen - (8 GB/512 GB SSD/Windows 10 Home) 15s-FR2006TU Thin and Light Laptop,"47,490"
DELL Core i3 10th Gen - (4 GB/1 TB HDD/256 GB SSD/Windows 10 Home) INSPIRON 3501 Laptop,"47,490"
acer Aspire 3 Core i3 11th Gen - (4 GB/256 GB SSD/Windows 10 Home) A315-58 Thin and Light Laptop,"47,493"
DELL Vostro Core i3 10th Gen - (8 GB/512 GB SSD/Windows 10) Vostro 3401 Thin and Light Laptop,"47,900"
HP Ryzen 5 Quad Core 3500U - (8 GB/1 TB HDD/256 GB SSD/Windows 10 Home) 14s-dk0501AU Thin and Light La...,"47,990"
HP 15s Ryzen 5 Quad Core 3500U - (8 GB/512 GB SSD/Windows 10 Home) 15s-gr0500AU Thin and Light Laptop,"47,990"
HP 15s Ryzen 5 Hexa Core 4500U - (8 GB/256 GB SSD/Windows 10 Home) 15s-ey1004AU Thin and Light Laptop,"47,999"
HP 14 Core i5 10th Gen - (8 GB/512 GB SSD/Windows 10 Home) 14-ck2018TU Thin and Light Laptop,"48,080"
ASUS VivoBook Flip 14 Core i3 10th Gen - (4 GB/512 GB SSD/Windows 10 Home) TP412FA-EC372TS 2 in 1 Lapt...,"48,990"
HP 14s Core i3 10th Gen - (8 GB/512 GB SSD/Windows 10 Home) 14s- ER0502TU Thin and Light Laptop,"48,990"
DELL Inspiron 15 3000 Series Core i5 8th Gen - (8 GB/1 TB HDD/Windows 10 Home) 3576 Laptop,"48,990"
HP DA Core i3 7th Gen - (8 GB/1 TB HDD/Windows 10 Home/2 GB Graphics) DA0070TX Laptop,"49,279"
ASUS VivoBook Ultra K14 (2021) Core i3 11th Gen - (8 GB/512 GB SSD/Windows 10 Home) K413EA-EB301TS Thi...,"49,500"
DELL Inspiron Core i3 11th Gen - (4 GB/256 GB SSD/Windows 10 Home) nspiron 5406 2 in 1 Laptop,"49,590"
MSI Modern 14 Core i5 10th Gen - (8 GB/512 GB SSD/Windows 10 Home) Modern 14 B10MW-423IN Laptop,"49,990"
Lenovo Ideapad Slim 3 Core i3 11th Gen - (8 GB/512 GB SSD/Windows 10 Home) IdeaPad 3 14ITL6 Ub 2 in 1 ...,"49,990"
Lenovo Core i5 9th Gen - (8 GB/1 TB HDD/Windows 10 Home/3 GB Graphics/NVIDIA GeForce GTX 1050) L340-15...,"49,990"
ASUS VivoBook 15 (2021) Core i3 11th Gen - (4 GB/256 GB SSD/Windows 10 Home) X515EA-EJ302TS Thin and L...,"49,990"
RedmiBook Pro Core i5 11th Gen - (8 GB/512 GB SSD/Windows 10 Home) Thin and Light Laptop,"49,999"
acer Aspire 3 Ryzen 3 Dual Core R33250U - (4 GB/1 TB HDD/Windows 10 Home) A315-23 Notebook,"49,999"
acer Aspire 3 Ryzen 3 Dual Core R33250U - (4 GB/1 TB HDD/Windows 10 Home) A315-23 Notebook,"49,999"
ASUS Ryzen 5 Quad Core 3500U - (8 GB/512 GB SSD/Windows 10 Home) M515DA-BQ512TS Thin and Light Laptop,"50,001"
Lenovo Core i5 8th Gen - (4 GB/1 TB HDD/DOS) V330 Thin and Light Laptop,"50,100"
Avita Liber V14 Ryzen 5 Quad Core 3500U - (8 GB/512 GB SSD/Windows 10 Home) NS14A8INV561-UGA Thin and ...,"50,490"
ASUS Core i3 10th Gen - (8 GB/256 GB SSD/Windows 10 Home) p2451fa-bv1004t Business Laptop,"50,500"
HP Pavilion x360 Core i3 10th Gen - (8 GB/512 GB SSD/Windows 10 Home) 14-dh1502TU 2 in 1 Laptop,"50,890"
ASUS VivoBook Flip 14 Ryzen 3 Quad Core 4300U - (4 GB/256 GB SSD/Windows 10 Home) TM420IA-EC096TS 2 in...,"50,900"
HP Pavilion Core i3 7th Gen - (8 GB/1 TB HDD/Windows 10 Home/2 GB Graphics) da0435tx Laptop,"50,922"
Vaio E Series Ryzen 5 Quad Core 3500U - (8 GB/512 GB SSD/Windows 10 Home) NE15V2IN006P Thin and Light ...,"50,990"
Vaio E Series Ryzen 5 Quad Core 3500U - (8 GB/512 GB SSD/Windows 10 Home) NE15V2IN007P Thin and Light ...,"50,990"
HP Pavilion x360 Core i3 11th Gen - (8 GB/256 GB SSD/Windows 10 Home) 14-dw1036TU 2 in 1 Laptop,"51,190"
HP Chromebook x360 Core i3 8th Gen - (8 GB/64 GB EMMC Storage/Chrome OS) 14-da0003TU 2 in 1 Laptop,"51,297"
HP 14s Ryzen 5 Hexa Core 5500U - (8 GB/512 GB SSD/Windows 10 Home) 14s-fq1030AU Thin and Light Laptop,"51,490"
HP 15q Core i5 7th Gen - (8 GB/1 TB HDD/Windows 10 Home) 15q-ds0029TU Laptop,"51,930"
DELL Inspiron Core i3 11th Gen - (8 GB/256 GB SSD/Windows 10) Inspiron 5410 2 in 1 Laptop,"51,990"
acer Travelmate Core i5 11th Gen - (8 GB/512 GB SSD/Windows 10 Home) TravelMate P214-53 Business Lapto...,"51,990"
Lenovo B50-70 Notebook (4th Gen Ci5/ 8GB/ 1TB/ Win8/ 2GB Graph) (59-427747),"52,490"
HP 14s Core i3 10th Gen - (8 GB/1 TB HDD/Windows 10 Home) 14s-er0004TU Thin and Light Laptop,"52,900"
Lenovo Ideapad Flex 5 Core i3 11th Gen - (8 GB/256 GB SSD/Windows 10 Home) Ideapad Flex 5 14LT05 UA 2 ...,"52,990"
DELL Vostro Core i5 11th Gen - (8 GB/1 TB HDD/Windows 10 Home) Vostro 3400 Thin and Light Laptop,"52,990"
Smartron t.book flex Core i5 7th Gen - (4 GB/128 GB SSD/Windows 10 Home) T1224 2 in 1 Laptop,"52,990"
Smartron t.book flex Core i5 7th Gen - (4 GB/128 GB SSD/Windows 10 Home) T1224 2 in 1 Laptop,"52,990"
ASUS Core i5 10th Gen - (8 GB + 32 GB Optane/512 GB SSD/Windows 10 Home) X515JA-EJ562TS Thin and Light...,"53,990"
Lenovo ThinkPad E14 Gen2 Ryzen 5 Hexa Core 4650U 5th Gen - (8 GB/256 GB SSD/Windows 10 Home) E14 Lapto...,"53,990"
acer Aspire 5 Core i5 11th Gen - (8 GB/1 TB HDD/256 GB SSD/Windows 10 Home) A515-56 Thin and Light Lap...,"53,990"
Lenovo IdeaPad Slim 3 (2021) Ryzen 5 Hexa Core 5500U - (8 GB/512 GB SSD/Windows 10 Home) 14 ALC 6 Thin...,"53,990"
ASUS Ryzen 5 Hexa Core - (8 GB/512 GB SSD/Windows 10 Home) M515UA-EJ512TS Thin and Light Laptop,"53,990"
acer Aspire 5 Core i5 11th Gen - (8 GB/1 TB HDD/Windows 10 Home) A515-56 Thin and Light Laptop,"53,990"
ASUS Core i5 10th Gen - (8 GB + 32 GB Optane/512 GB SSD/Windows 10 Home) X515JF-BQ521T Thin and Light ...,"53,990"
HP Pavilion x360 Core i3 8th Gen - (4 GB/256 GB SSD/Windows 10 Home) 14-dh0101TU 2 in 1 Laptop,"54,238"
DELL Inspiron Core i5 11th Gen - (8 GB/1 TB HDD/Windows 10) Inspiron 3501 Thin and Light Laptop,"54,964"
MSI Modern 14 Core i5 11th Gen - (8 GB/512 GB SSD/Windows 10 Home) Modern 14 B11MO-093IN Thin and Ligh...,"54,990"
ASUS Vivobook Gaming Core i5 9th Gen - (8 GB/512 GB SSD/Windows 10 Home/4 GB Graphics/NVIDIA GeForce G...,"54,990"
DELL Inspiron Core i5 11th Gen - (4 GB/1 TB HDD/256 GB SSD/Windows 10 Home) Inspiron 3501 Thin and Lig...,"54,990"
Nokia PureBook X14 Core i5 10th Gen - (8 GB/512 GB SSD/Windows 10 Home) NKi510UL85S Thin and Light Lap...,"54,990"
MSI Modern 15 Ryzen 5 Octa Core - (8 GB/512 GB SSD/Windows 10 Home) Modern 15 A5M-065IN Thin and Light...,"54,990"
HP 15s Ryzen 5 Quad Core 3500U - (8 GB/512 GB SSD/Windows 10 Home) 15s-eq0500AU Thin and Light Laptop,"54,990"
ASUS VivoBook 14 Core i5 8th Gen - (8 GB/512 GB SSD/Windows 10 Home) X412FA-EK296T Thin and Light Lapt...,"54,990"
Lenovo V14 Core i5 11th Gen - (8 GB/256 GB SSD/Windows 10) V14 Thin and Light Laptop,"54,990"
ASUS ZenBook 13 Core i5 8th Gen - (8 GB/256 GB SSD/Windows 10 Home) UX331UAL-EG002T Thin and Light Lap...,"54,990"
acer Spin 3 Core i3 10th Gen - (8 GB/256 GB SSD/Windows 10 Home) SP314-54N-33X8 2 in 1 Laptop,"54,999"
acer Aspire 5 Core i5 8th Gen - (8 GB + 16 GB Optane/1 TB HDD/Windows 10 Home) a515-52-555f Thin and L...,"55,480"
DELL Inspiron Core i5 11th Gen - (4 GB/1 TB HDD/256 GB SSD/Windows 10) Inspiron 3501 Thin and Light La...,"55,590"
HP 15 Core i5 8th Gen - (8 GB/1 TB HDD/DOS/2 GB Graphics) 15-da0077tx Laptop,"55,729"
acer Travelmate Core i5 11th Gen - (16 GB/512 GB SSD/Windows 10 Home) TravelMate P214-53 Business Lapt...,"55,990"
ASUS Ryzen 5 Hexa Core 5500U - (8 GB/512 GB SSD/Windows 10 Home) KM413UA-EB503TS Thin and Light Laptop,"55,990"
acer Aspire Ryzen 5 Hexa Core AMD Ryzen 5-5500U hexa-core - (8 GB/512 GB SSD/Windows 10 Home) A515-45 ...,"55,990"
MSI Modern 14 Core i3 11th Gen - (8 GB/512 GB SSD/Windows 10 Home) B11MOU-477IN Notebook,"55,990"
Lenovo Ideapad Slim 3i (2021) Core i5 11th Gen - (8 GB/256 GB SSD/Windows 10 Home) 15ITL6 Thin and Lig...,"55,990"
MSI GF63 Thin Core i5 10th Gen - (8 GB/1 TB HDD/Windows 10 Home/4 GB Graphics/NVIDIA GeForce GTX 1650 ...,"55,990"
HP 15s Core i5 11th Gen - (8 GB/1 TB HDD/Windows 10 Home) 15s-du3032TU Thin and Light Laptop,"55,990"
acer Travelmate Core i5 11th Gen - (8 GB/1 TB HDD/256 GB SSD/Windows 10 Home) TravelMate P214-53 Noteb...,"55,990"
Lenovo Ideapad Slim 3i Core i5 11th Gen - (8 GB/256 GB SSD/Windows 10 Home) Ideapad Slim 3 Thin and Li...,"55,990"
acer Aspire Core i3 11th Gen - (4 GB/256 GB SSD/Windows 10 Home) A514-54 Thin and Light Laptop,"55,990"
DELL 3501 Core i5 11th Gen - (4 GB/1 TB HDD/256 GB SSD/Windows 10) INSPIRON 3501 Notebook,"56,090"
HP Core i5 11th Gen - (8 GB + 32 GB Optane/512 GB SSD/Windows 10 Home) 15s-FQ2071TU Thin and Light Lap...,"56,175"
ASUS Ryzen 5 Hexa Core 5500U - (8 GB/512 GB SSD/Windows 10 Home) M515UA-BQ512TS Thin and Light Laptop,"56,290"
acer Aspire 7 Ryzen 5 Hexa Core 5500U - (8 GB/512 GB SSD/Windows 10 Home/4 GB Graphics/NVIDIA GeForce ...,"56,990"
acer Aspire 7 Core i5 10th Gen - (8 GB/512 GB SSD/Windows 10 Home/4 GB Graphics/NVIDIA GeForce GTX 165...,"56,990"
Lenovo Ideapad Slim 3i (2021) Core i5 11th Gen - (8 GB/512 GB SSD/Windows 10 Home) IdeaPad 3 15ITL6 Th...,"56,990"
HP 14s Core i5 11th Gen - (8 GB/512 GB SSD/Windows 10 Home) 14s- DQ2535TU Thin and Light Laptop,"56,990"
acer Swift 3 Core i5 10th Gen - (8 GB/512 GB SSD/Windows 10 Home/2 GB Graphics) SF314-57G-59RE Thin an...,"56,990"
Lenovo IdeaPad Gaming Core i5 10th Gen - (8 GB/1 TB HDD/Windows 10 Home/4 GB Graphics/NVIDIA GeForce G...,"56,990"
Lenovo Ideapad 330s Core i5 8th Gen - (4 GB/1 TB HDD/Windows 10 Home/4 GB Graphics) 330S-15IKB Thin an...,"56,990"
realme Book (Slim) Core i5 11th Gen - (8 GB/512 GB SSD/Windows 10 Home) RMNB1002 Thin and Light Laptop,"56,999"
HP 15s Core i5 11th Gen - (8 GB/1 TB HDD/Windows 10 Home/2 GB Graphics) 15s-du3060TX Thin and Light La...,"57,400"
Lenovo IdeaPad Ryzen 5 Hexa Core 5500U - (8 GB/512 GB SSD/Windows 10 Home) IdeaPad 5 15ALC05 Thin and ...,"57,490"
DELL Inspiron Core i3 11th Gen - (8 GB/512 GB SSD/Windows 10) Inspiron 5410 2 in 1 Laptop,"57,490"
ASUS Vivobook Core i5 10th Gen - (8 GB/512 GB SSD/Windows 10 Home/2 GB Graphics) X515JF-BQ522TS Laptop,"57,490"
HP Ryzen 5 Hexa Core 5500U - (8 GB/512 GB SSD/Windows 10 Home) 15s-EQ2040AU Thin and Light Laptop,"57,575"
DELL Core i5 11th Gen - (8 GB/1 TB HDD/Windows 10) Inspiron 3501 Laptop,"57,669"
ASUS VivoBook Ultra 14 Core i5 10th Gen - (8 GB + 32 GB Optane/512 GB SSD/Windows 10 Home/2 GB Graphic...,"57,940"
ASUS Vivobook 15 Core i5 11th Gen - (8 GB + 32 GB Optane/512 GB SSD/Windows 10 Home) X515EA-BQ562TS La...,"57,950"
Lenovo Ideapad Gaming 3 Ryzen 5 Hexa Core 4600H - (8 GB/1 TB HDD/Windows 10 Home/4 GB Graphics/NVIDIA ...,"57,990"
Lenovo Ideapad Slim 5 Ryzen 7 Octa Core 4700U - (8 GB/512 GB SSD/Windows 10 Home) 14ARE05 Thin and Lig...,"57,990"
HP Pavilion Gaming Ryzen 5 Hexa Core 4600H - (8 GB/1 TB HDD/Windows 10 Home/4 GB Graphics/NVIDIA GeFor...,"57,990"
Lenovo Legion Y540 Core i5 9th Gen - (8 GB/512 GB SSD/Windows 10 Home/4 GB Graphics) Y540-15IRH-PG0 Th...,"57,990"
Vaio E Series Ryzen 7 Quad Core 3700U - (8 GB/512 GB SSD/Windows 10 Home) NE15V2IN026P Thin and Light ...,"57,990"
acer Aspire Core i5 11th Gen - (8 GB/1 TB HDD/128 GB SSD/Windows 10 Home/2 GB Graphics) A315-58G Thin ...,"57,990"
Lenovo IdeaPad Core i3 11th Gen - (8 GB/256 GB SSD/DOS) 15ITL6 Thin and Light Laptop,"57,990"
Vaio E Series Ryzen 7 Quad Core 3700U - (8 GB/512 GB SSD/Windows 10 Home) NE15V2IN027P Thin and Light ...,"57,990"
Lenovo Core i5 7th Gen - (4 GB/1 TB HDD/Windows 10 Home/2 GB Graphics) 520s Laptop,"57,999"
HP 14s Core i5 10th Gen - (8 GB/512 GB SSD/Windows 10 Home) 14s- DR1009TU Thin and Light Laptop,"58,477"
ASUS VivoBook Ultra Ryzen 5 Hexa Core 5500U - (8 GB/512 GB SSD/Windows 10 Home) KM413UA-EB502TS Thin a...,"58,990"
ASUS VivoBook Ultra K14 (2021) Ryzen 5 Hexa Core 5500U - (8 GB/512 GB SSD/Windows 10 Home) KM413UA-EB5...,"58,990"
DELL Vostro Ryzen 5 Hexa Core 5500U - (8 GB/512 GB SSD/Windows 10) Vostro 5415 Thin and Light Laptop,"58,990"
Lenovo IdeaPad Core i5 11th Gen - (8 GB/512 GB SSD/Windows 10 Home) 15 ITL 6 Thin and Light Laptop,"58,990"
Lenovo Thinkpad E14 Core i5 10th Gen - (8 GB/512 GB SSD/Windows 10 Home) E14 Thin and Light Laptop,"58,990"
HP 14s Core i5 11th Gen - (8 GB/512 GB SSD/Windows 10 Home) 14s- DR2016TU Thin and Light Laptop,"58,990"
ASUS VivoBook Ultra Ryzen 5 Hexa Core 5500U - (8 GB/512 GB SSD/Windows 10 Home) KM413UA-EB501TS Thin a...,"58,990"
DELL Inspiron Core i5 11th Gen - (8 GB/1 TB HDD/256 GB SSD/Windows 10) INSPIRON 3501 Thin and Light La...,"59,290"
acer Swift 3 Core i5 8th Gen - (8 GB/256 GB SSD/Windows 10 Home) SF313-51-506P Thin and Light Laptop,"59,434"
ASUS Core i5 11th Gen - (8 GB/512 GB HDD/512 GB SSD/Windows 10 Home) X515EA-BQ562TS Thin and Light Lap...,"59,890"
HP 15-ec1105AX Ryzen 5 Hexa Core 4600H - (8 GB/512 GB SSD/Windows 10 Home/4 GB Graphics/NVIDIA GeForce...,"59,990"
ASUS VivoBook Flip Ryzen 5 Hexa Core - (8 GB/512 GB SSD/Windows 10 Home) TM420UA-EC501TS 2 in 1 Laptop,"59,990"
MSI GF63 Thin Hexa Core i5 10th Gen - (8 GB/1 TB HDD/256 GB SSD/Windows 10 Home/4 GB Graphics/NVIDIA G...,"59,990"
MSI GF63 Thin Hexa Core i5 10th Gen - (8 GB/1 TB HDD/256 GB SSD/Windows 10 Home/4 GB Graphics/NVIDIA G...,"59,990"
Lenovo Legion Core i5 9th Gen - (8 GB/1 TB HDD/256 GB SSD/Windows 10 Home/4 GB Graphics) Y540-15IRH-PG...,"59,990"
DELL Vostro Core i5 11th Gen - (8 GB/512 GB SSD/Windows 10/2 GB Graphics) Vostro 3400 Thin and Light L...,"59,990"
Lenovo Ideapad Slim 3i (2021) Core i5 11th Gen - (8 GB/512 GB SSD/Windows 10 Home) 14 ITL 6 Thin and L...,"59,990"
Lenovo Core i5 11th Gen - (4 GB/512 GB SSD/Windows 10) 82H700J7IN Laptop,"59,990"
HP Pavilion Gaming Ryzen 5 Quad Core 3550H - (8 GB/1 TB HDD/Windows 10 Home/4 GB Graphics/NVIDIA GeFor...,"59,990"
acer Swift 3 Core i5 8th Gen - (8 GB/1 TB HDD/128 GB SSD/Windows 10 Home/2 GB Graphics) SF315-51G Lapt...,"59,990"
acer Aspire 5 Ryzen 5 Hexa Core 5500U - (8 GB/512 GB SSD/Windows 10 Home) A515-45-R0HB Thin and Light ...,"59,990"
ASUS VivoBook Ultra 14 Ryzen 7 Octa Core 4700U - (8 GB/512 GB SSD/Windows 10 Home) M413IA-EK587T Thin ...,"59,990"
ASUS Core i5 11th Gen - (8 GB/512 GB SSD/Windows 10 Home) X515EA-EJ317TS Thin and Light Laptop,"59,990"
Mi Notebook Horizon Edition 14 Core i7 10th Gen - (8 GB/512 GB SSD/Windows 10 Home/2 GB Graphics) JYU4...,"59,999"
ASUS Core i5 10th Gen - (8 GB/512 GB SSD/Windows 10 Home) K413JA-EK286T Laptop,"60,000"
HP Ryzen 5 Quad Core 3rd Gen - (8 GB/1 TB HDD/256 GB SSD/Windows 10 Home) 14s-dk0093AU Laptop,"60,900"
Lenovo Ideapad Slim 5i Core i5 11th Gen - (8 GB/1 TB HDD/256 GB SSD/Windows 10 Home) 15 ITL 05 Thin an...,"60,990"
MSI Bravo 15 Ryzen 5 Hexa Core 4600H - (8 GB/512 GB SSD/Windows 10 Home/4 GB Graphics/AMD Radeon RX 55...,"60,990"
Lenovo Ideapad Slim 3i Core i5 11th Gen - (8 GB/512 GB SSD/Windows 10 Home) Ideapad Slim 3 Thin and Li...,"60,990"
HP Pavilion Ryzen 5 Hexa Core 5500U - (8 GB/512 GB SSD/Windows 10 Home) 15-eh1101AU Thin and Light Lap...,"60,999"
Lenovo Ideapad Slim 3i Core i5 11th Gen - (8 GB/512 GB SSD/Windows 10 Home) Ideapad 3 14ITL6 Thin and ...,"60,999"
DELL Inspiron Core i3 10th Gen - (4 GB/1 TB HDD/256 GB SSD/Windows 10 Home) Inspiron 5491 2 in 1 Lapto...,"61,190"
ASUS ExpertBook P1 Core i5 10th Gen - (4 GB/1 TB HDD/Windows 10 Pro) ExpertBook P1 P1440FA Thin and Li...,"61,249"
ASUS Ryzen 5 Hexa Core - (8 GB/512 GB HDD/512 GB SSD/Windows 10 Home) M515UA-BQ512TS Laptop,"61,290"
HP 14S Core i5 8th Gen - (8 GB/1 TB HDD/Windows 10 Home) cs1000tu Laptop,"61,373"
HP Chromebook x360 Core i5 8th Gen - (8 GB/64 GB EMMC Storage/Chrome OS) 14-da0004TU 2 in 1 Laptop,"61,745"
DELL Inspiron 13 7000 Series Core i5 8th Gen - (8 GB/256 GB SSD/Windows 10 Home) insp 7386 2 in 1 Lapt...,"61,790"
HP Pavilion x360 Core i3 10th Gen - (8 GB/512 GB SSD/Windows 10 Home) 14-dh1178TU 2 in 1 Laptop,"61,900"
ASUS TUF Gaming F15 Core i5 10th Gen - (8 GB/512 GB SSD/Windows 10 Home/4 GB Graphics/NVIDIA GeForce G...,"61,990"
DELL Vostro Core i5 11th Gen - (8 GB/512 GB SSD/Windows 10/2 GB Graphics) Vostro 3400 Thin and Light L...,"61,990"
acer Aspire 5 Core i5 8th Gen - (8 GB + 16 GB Optane/1 TB HDD/Windows 10 Home/2 GB Graphics) A515-52G-...,"61,990"
acer Aspire 5 Core i5 8th Gen - (8 GB/1 TB HDD/Windows 10 Home/2 GB Graphics) A515-52G Thin and Light ...,"61,990"
MSI Modern 14 Ryzen 5 Hexa Core 4500U - (8 GB/512 GB SSD/Windows 10 Home) Modern 14 B4MW-423IN Noteboo...,"61,990"
MSI Modern 14 Core i5 10th Gen - (8 GB/512 GB SSD/Windows 10 Home) Modern 14 B10MW-639IN Notebook,"61,990"
HP 15s Core i5 11th Gen - (8 GB/512 GB SSD/Windows 10 Home) 15s-FQ2535TU Thin and Light Laptop,"61,990"
Avita Liber Core i7 10th Gen - (16 GB/1 TB SSD/Windows 10 Home) NS14A8INR671-PAG Thin and Light Laptop,"62,190"
Lenovo Ideapad Slim 5i Core i5 11th Gen - (8 GB/512 GB SSD/Windows 10 Home) 14ITL05U2a Thin and Light ...,"62,490"
ASUS VivoBook 17 Ryzen 5 Hexa Core 5500U - (16 GB/512 GB SSD/Windows 10 Home) M712UA-AU521TS Laptop,"62,690"
ASUS ExpertBook P1 Core i5 10th Gen - (8 GB/1 TB HDD/Windows 10 Pro) ExpertBook P1 P1440FA Thin and Li...,"62,699"
Lenovo Ideapad Gaming 3 Ryzen 5 Hexa Core 4600H - (8 GB/1 TB HDD/256 GB SSD/Windows 10 Home/4 GB Graph...,"62,990"
Lenovo IdeaPad Gaming 3 Core i5 10th Gen - (8 GB/512 GB SSD/Windows 10 Home/4 GB Graphics/NVIDIA GeFor...,"62,990"
ASUS VivoBook Ultra 17 Ryzen 5 Hexa Core - (8 GB/1 TB HDD/256 GB SSD/Windows 10 Home) M712UA-AU501TS T...,"62,990"
ASUS VivoBook Ultra 17 Ryzen 5 Hexa Core - (8 GB/1 TB HDD/256 GB SSD/Windows 10 Home) M712UA-AU501TS T...,"62,990"
LG Gram 14 Core i5 10th Gen - (8 GB/256 GB SSD/Windows 10 Home) Gram 14Z90N Laptop,"62,990"
Lenovo Legion Core i5 9th Gen - (8 GB/1 TB HDD/256 GB SSD/Windows 10 Home/4 GB Graphics/NVIDIA GeForce...,"62,990"
ASUS Vivobook 17 Ryzen 5 Hexa Core 5th Gen - (16 GB/512 GB SSD/Windows 10 Home) M712UA-AU521TS Thin an...,"62,990"
Vaio SE Series Core i5 8th Gen - (8 GB/512 GB SSD/Windows 10 Home) NP14V1IN004P Thin and Light Laptop,"62,990"
ASUS Pro P5 Core i5 8th Gen - (8 GB/1 TB HDD/Windows 10 Pro) Pro P5 P5440FA Thin and Light Laptop,"62,990"
Vaio SE Series Core i5 8th Gen - (8 GB/512 GB SSD/Windows 10 Home) NP14V1IN003P Thin and Light Laptop,"62,990"
HP Pavilion Core i5 11th Gen - (8 GB/512 GB SSD/Windows 10 Home) 14-dv0543TU Thin and Light Laptop,"62,999"
DELL Inspiron Core i5 11th Gen - (8 GB/1 TB HDD/256 GB SSD/Windows 10/2 GB Graphics) Inspiron 3501 Thi...,"63,390"
HP Core i5 8th Gen - (8 GB/1 TB HDD/256 GB SSD/Windows 10 Home) 15s-dr0002TU Laptop,"63,500"
ASUS Ryzen 5 Hexa Core - (8 GB/1 TB HDD/256 GB SSD/Windows 10 Home) KM513UA-BQ512TS Thin and Light Lap...,"63,790"
Lenovo IdeaPad Gaming 3 Core i5 10th Gen - (8 GB/1 TB HDD/256 GB SSD/Windows 10 Home/4 GB Graphics/NVI...,"63,990"
Lenovo Ideapad Slim 5 Ryzen 7 Octa Core 5700U - (8 GB/512 GB SSD/Windows 10 Home) 14 ALC 05 Thin and L...,"63,990"
Lenovo IdeaPad Gaming 3 Core i5 10th Gen - (8 GB/1 TB HDD/256 GB SSD/Windows 10 Home/4 GB Graphics/NVI...,"63,990"
Lenovo Ideapad Flex 5 Core i3 11th Gen - (8 GB/512 GB SSD/Windows 10 Home) 14itl05 2 in 1 Laptop,"63,999"
ASUS VivoBook S S14 Core i5 11th Gen - (8 GB + 32 GB Optane/512 GB SSD/Windows 10 Home) S433EA-AM501TS...,"64,000"
ASUS Core i5 11th Gen - (8 GB/512 GB SSD/Windows 10 Home) K513EA-EJ502TS Laptop,"64,000"
HP Pavilion Ryzen 5 Hexa Core 5600H - (8 GB/512 GB SSD/Windows 10 Home/4 GB Graphics/NVIDIA GeForce GT...,"64,056"
DELL Inspiron Core i5 11th Gen - (8 GB/512 GB SSD/Windows 10) Inspiron 5418 Thin and Light Laptop,"64,280"
ASUS Core i5 10th Gen - (8 GB/1 TB HDD/256 GB SSD/Windows 10 Home/2 GB Graphics) X515EP-EJ512TS Thin a...,"64,490"
acer Core i5 10th Gen - (8 GB/512 GB SSD/Windows 10 Home/4 GB Graphics/NVIDIA GeForce GTX Graphics GTX...,"64,590"
DELL Inspiron Core i5 11th Gen - (8 GB/1 TB HDD/256 GB SSD/Windows 10/2 GB Graphics) INSPIRON 3501 Thi...,"64,620"
Lenovo Core i5 7th Gen - (8 GB/1 TB HDD/Windows 10 Home/4 GB Graphics) IP 520 Laptop,"64,715"
ASUS VivoBook Ultra 14 Core i5 11th Gen - (8 GB/512 GB SSD/Windows 10 Home/2 GB Graphics) X413EP-EK512...,"64,990"
ASUS Core i5 11th Gen - (8 GB/1 TB HDD/256 GB SSD/Windows 10 Home/2 GB Graphics) X513EP-BQ502TS Thin a...,"64,990"
ASUS ZenBook Classic Core i5 10th Gen - (8 GB/512 GB SSD/Windows 10 Home) UX333FA-A5822TS Thin and Lig...,"64,990"
ASUS VivoBook Core i5 11th Gen - (8 GB/1 TB HDD/256 GB SSD/Windows 10 Home) K513EP-BQ513TS Thin and Li...,"64,990"
HP 15s Core i5 11th Gen - (8 GB/512 GB SSD/Windows 10 Home/2 GB Graphics) 15s-DR3500TX Thin and Light ...,"64,990"
acer Swift 3 Core i5 10th Gen - (8 GB/512 GB SSD/Windows 10 Home/2 GB Graphics) SF314-57/SF314-57G Thi...,"64,990"
HP Pavilion 15-CS Core i5 8th Gen - (8 GB/1 TB HDD/Windows 10 Home/2 GB Graphics) 15-cs1000tx Laptop,"64,990"
ASUS VivoBook Ultra S14 Core i5 11th Gen - (8 GB + 32 GB Optane/512 GB SSD/Windows 10 Home) S433EA-AM5...,"65,000"
ASUS ExpertBook P2 Core i5 10th Gen - (8 GB/512 GB SSD/DOS/2 GB Graphics) ExpertBook P2 P2451FB Thin a...,"65,000"
HP Pavilion Ryzen 5 Hexa Core 5500U - (16 GB/512 GB SSD/Windows 10 Home) 15-eh1103AU Thin and Light La...,"65,090"
Avita Liber Core i5 7th Gen - (8 GB/512 GB SSD/Windows 10 Home) NS13A1IN019P Thin and Light Laptop,"65,556"
Avita Liber Core i5 7th Gen - (8 GB/512 GB SSD/Windows 10 Home) NS13A1IN013P Thin and Light Laptop,"65,556"
Avita Liber Core i5 7th Gen - (8 GB/512 GB SSD/Windows 10 Home) NS13A1IN015P Thin and Light Laptop,"65,556"
HP Pavilion Ryzen 5 Hexa Core 5500U - (16 GB/512 GB SSD/Windows 10 Home/2 GB Graphics) 14-ec0000AX Thi...,"65,559"
HP HP Pavilion Core i5 11th Gen - (16 GB/512 GB SSD/Windows 10 Home) 14-dv0055TU Thin and Light Laptop,"65,990"
ASUS VivoBook Ultra Ryzen 7 Octa Core 5700U - (8 GB/512 GB SSD/Windows 10 Home) KM413UA-EB702TS Thin a...,"65,990"
DELL Inspiron Core i5 10th Gen - (8 GB/512 GB SSD/Windows 10 Home/2 GB Graphics) INS 5408 Thin and Lig...,"66,400"
ASUS Vivobook Ultra K14 Core i5 11th Gen - (16 GB/512 GB SSD/Windows 10 Home) K413EA-EB522TS Thin and ...,"66,490"
DELL Inspiron Core i5 11th Gen - (8 GB/512 GB SSD/Windows 10) Inspiron 5502 Thin and Light Laptop,"66,500"
HP 15s Ryzen 7 Quad Core 3700U - (8 GB/512 GB SSD/Windows 10 Home) 15s-eq0132AU Thin and Light Laptop,"66,500"
lenovo Ideapad Slim 5i Core i5 11th Gen Intel EVO - (8 GB/1 TB HDD/256 GB SSD/Windows 10 Home) 15ITL05...,"66,989"
HP Pavilion Core i5 11th Gen - (16 GB/512 GB SSD/Windows 10 Home) 14-dv0054TU Thin and Light Laptop,"66,990"
ASUS TUF Gaming F15 Core i5 10th Gen - (8 GB/512 GB SSD/Windows 10 Home/4 GB Graphics/NVIDIA GeForce G...,"66,990"
Lenovo Ideapad Slim 5i Core i5 11th Gen - (8 GB/1 TB HDD/256 GB SSD/Windows 10 Home/2 GB Graphics) 15 ...,"66,990"
acer Nitro 5 Ryzen 5 Hexa Core 4600H - (8 GB/1 TB HDD/256 GB SSD/Windows 10 Home/4 GB Graphics/NVIDIA ...,"66,990"
Lenovo Ideapad Slim 5i Core i5 11th Gen - (8 GB/1 TB HDD/256 GB SSD/Windows 10 Home/2 GB Graphics) ide...,"66,999"
ASUS Vivobook S14 Ryzen 5 Hexa Core Ryzen-5 5500U - (8 GB/1 TB SSD/Windows 10 Home) M433UA-EB584TS Thi...,"67,890"
MSI Bravo Ryzen 5 Hexa Core 5600H - (8 GB/512 GB SSD/Windows 10 Home/4 GB Graphics/AMD Radeon RX5500M/...,"67,990"
DELL Inspiron Ryzen 5 Hexa Core 5500U - (8 GB/512 GB SSD/Windows 10) Inspiron 7415 2 in 1 Laptop,"67,990"
HP 14s Core i5 10th Gen - (8 GB/512 GB SSD/Windows 10 Home) 14s- ER0503TU Thin and Light Laptop,"67,990"
HP HP Pavilion Ryzen 5 Hexa Core 4600H - (8 GB/512 GB SSD/Windows 10 Home/4 GB Graphics/NVIDIA GeForce...,"67,990"
ASUS VivoBook Ultra Ryzen 7 Octa Core 5700U - (8 GB/512 GB SSD/Windows 10 Home) KM413UA-EB703TS Thin a...,"67,990"
MSI Modern 14 Core i5 11th Gen - (8 GB/512 GB SSD/Windows 10 Home) Modern 14 B11MOU-637IN Thin and Lig...,"67,990"
ASUS Core i3 11th Gen - (4 GB/256 GB SSD/Windows 10 Home) K513EA-EJ302TS Laptop,"68,000"
Lenovo Legion 5 Core i5 10th Gen - (8 GB/512 GB SSD/Windows 10 Home/4 GB Graphics/NVIDIA GeForce GTX 1...,"68,490"
DELL G15 Core i5 10th Gen - (8 GB/512 GB SSD/Windows 10/4 GB Graphics/NVIDIA GeForce GTX 1650/120 Hz) ...,"68,690"
HP 15s Core i5 11th Gen - (8 GB/1 TB HDD/256 GB SSD/Windows 10 Home/2 GB Graphics) 15s-du3047TX Laptop,"68,800"
ASUS Vivobook S14 Ryzen 5 Hexa Core Ryzen-5 5500U - (8 GB/1 TB SSD/Windows 10 Home) M433UA-EB583TS Thi...,"68,880"
ASUS ASUS TUF Gaming Core i5 10th Gen - (16 GB/512 GB SSD/Windows 10 Home/4 GB Graphics/NVIDIA GeForce...,"68,990"
DELL Inspiron 3501 Core i5 11th Gen - (8 GB/1 TB HDD/256 GB SSD/Windows 10 Home/2 GB Graphics) Inspiro...,"68,999"
HP Core i3 10th Gen - (8 GB/512 GB SSD/Windows 10 Home) er0502TU Laptop,"69,000"
ASUS ExpertBook P2 Core i5 10th Gen - (8 GB/1 TB HDD/DOS/2 GB Graphics) ExpertBook P2 P2451FB Thin and...,"69,290"
acer Swift 5 Core i5 8th Gen - (8 GB/512 GB SSD/Windows 10 Home) SF514-52T -59JY Thin and Light Laptop,"69,351"
DELL Core i5 5th Gen - (8 GB/1 TB HDD/Windows 10 Home/4 GB Graphics) 7548 Laptop,"69,500"
DELL G15 Core i5 10th Gen - (8 GB/512 GB SSD/Windows 10/4 GB Graphics/NVIDIA GeForce GTX 1650/120 Hz) ...,"69,690"
HP Pavilion Core i5 10th Gen - (8 GB + 32 GB Optane/512 GB SSD/Windows 10 Home/4 GB Graphics/NVIDIA Ge...,"69,890"
Lenovo IdeaPad 3 Core i5 10th Gen - (8 GB/512 GB SSD/Windows 10 Home/2 GB Graphics) 15IML05 Thin and L...,"69,890"
ASUS VivoBook Ultra K14 (2021) Ryzen 7 Octa Core 5700U - (8 GB/512 GB SSD/Windows 10 Home) KM413UA-EB7...,"69,980"
DELL Inspiron Core i5 11th Gen - (8 GB/512 GB SSD/Windows 10) Inspiron 5410 2 in 1 Laptop,"69,990"
HP Pavilion Core i5 10th Gen - (8 GB/1 TB HDD/256 GB SSD/Windows 10 Home/4 GB Graphics/NVIDIA GeForce ...,"69,990"
MSI Modern 14 Core i7 11th Gen - (8 GB/512 GB SSD/Windows 10 Home) Modern 14 B11MO-092IN Thin and Ligh...,"69,990"
ASUS VivoBook Flip Ryzen 7 Octa Core - (8 GB/512 GB SSD/Windows 10 Home) TM420UA-EC701TS 2 in 1 Laptop,"69,990"
HP Pavilion Core i5 11th Gen - (16 GB/512 GB SSD/Windows 10 Home) 13-bb0075TU Thin and Light Laptop,"69,990"
Lenovo Legion Core i7 9th Gen - (8 GB/1 TB HDD/256 GB SSD/Windows 10 Home/4 GB Graphics) Y540-15IRH-PG...,"69,990"
DELL Inspiron 7000 Core i5 10th Gen - (8 GB/512 GB SSD/Windows 10 Home/2 GB Graphics) 7490 Thin and Li...,"69,990"
ASUS ZenBook 13 Core i7 8th Gen - (8 GB/512 GB SSD/Windows 10 Home) UX333FA-A4115T Thin and Light Lapt...,"69,990"
HP Pavilion Gaming Core i5 11th Gen - (8 GB/1 TB HDD/256 GB SSD/Windows 10 Home/4 GB Graphics/NVIDIA G...,"69,990"
Lenovo Yoga Slim 7 Core i5 10th Gen - (8 GB/512 GB SSD/Windows 10 Home/2 GB Graphics) 14IIL05 Thin and...,"69,999"
ASUS VivoBook Ultra S13 Core i5 11th Gen - (8 GB/512 GB SSD/Windows 10 Home) S333EA-EG501TS Thin and L...,"69,999"
DELL Inspiron Core i5 11th Gen - (16 GB/512 GB SSD/Windows 10) Inspiron 5418 Thin and Light Laptop,"70,350"
DELL Inspiron Core i5 11th Gen - (8 GB/512 GB SSD/Windows 10 Home) Inspiron 5301 Thin and Light Laptop,"70,699"
HP 14s Core i5 10th Gen - (8 GB/1 TB HDD/256 GB SSD/Windows 10 Home) 14S-ER0003TU Thin and Light Lapto...,"70,900"
ASUS VivoBook 15 (2021) Core i5 11th Gen - (8 GB/1 TB HDD/256 GB SSD/Windows 10 Home) X515EA-EJ502TS T...,"70,990"
HP Pavilion Core i5 11th Gen - (16 GB/512 GB SSD/Windows 10 Home/2 GB Graphics) 14-dv0084TX Thin and L...,"71,990"
ASUS ROG Strix G15 Core i5 10th Gen - (8 GB/512 GB SSD/Windows 10 Home/4 GB Graphics/NVIDIA GeForce GT...,"71,990"
ASUS ZenBook 14 Core i5 11th Gen - (8 GB/512 GB SSD/Windows 10 Home) UX425EA-BM501TS Thin and Light La...,"71,990"
ASUS VivoBook Ultra S15 Core i5 11th Gen - (8 GB/512 GB SSD/Windows 10 Home/2 GB Graphics) S532EQ-BQ50...,"71,990"
DELL Core i3 11th Gen - (8 GB/256 GB SSD/Windows 10) Inspiron 5410 2 In1 2 in 1 Laptop,"72,246"
acer Swift 3 Core i5 8th Gen - (8 GB + 16 GB Optane/1 TB HDD/Windows 10 Home/2 GB Graphics) SF315-52G ...,"72,964"
Lenovo ThinkPad E15 Core i5 11th Gen - (8 GB/512 GB SSD/Windows 10 Home) E15 Thin and Light Laptop,"72,990"
Lenovo ThinkPad E15 Core i5 11th Gen - (8 GB/512 GB SSD/Windows 10 Home) E15 Laptop,"72,990"
ASUS VivoBook S15 Core i5 11th Gen - (8 GB/512 GB SSD/Windows 10 Home/2 GB Graphics) S532EQ-BQ502TS Th...,"72,990"
LG Gram 15 Core i5 10th Gen - (8 GB/256 GB SSD/Windows 10 Home) Gram 15Z90N Laptop,"72,990"
ASUS ZenBook 13 Core i5 11th Gen - (8 GB/512 GB SSD/Windows 10 Home) UX325EA-EG501TS Thin and Light La...,"72,990"
MSI Bravo 15 Ryzen 5 Hexa Core 4600H - (16 GB/512 GB SSD/Windows 10 Home/4 GB Graphics/AMD Radeon RX 5...,"72,990"
HP Pavilion Laptop 15-eg Core i5 11th Gen - (16 GB/512 GB SSD/Windows 10 Home/2 GB Graphics) 15-eg0103...,"72,990"
HP Envy Core i5 10th Gen - (8 GB/512 GB SSD/Windows 10 Home) 13-ba0003tu Thin and Light Laptop,"72,990"
Avita Liber Core i5 8th Gen - (8 GB/512 GB SSD/Windows 10 Home) NS14A2IN223P Thin and Light Laptop,"73,063"
Avita Liber Core i5 8th Gen - (8 GB/512 GB SSD/Windows 10 Home) NS14A2IN228P Thin and Light Laptop,"73,063"
DELL G15 Core i5 10th Gen - (16 GB/512 GB SSD/Windows 10/4 GB Graphics/NVIDIA GeForce GTX 1650/120 Hz)...,"73,490"
HP Core i5 11th Gen - (16 GB/512 GB SSD/Windows 10 Home/2 GB Graphics) 15-eg0124TX Thin and Light Lapt...,"73,490"
DELL Inspiron Core i5 11th Gen - (8 GB/1 TB SSD/Windows 10 Home) Inspiron 5301 Thin and Light Laptop,"73,500"
Lenovo IdeaPad Gaming Core i7 10th Gen - (8 GB/512 GB SSD/Windows 10 Home/4 GB Graphics/NVIDIA GeForce...,"73,990"
Lenovo ThinkPad E15 Core i5 11th Gen - (8 GB/512 GB SSD/Windows 10 Home) E15 Thin and Light Laptop,"73,990"
HP Pavilion 13 Core i5 8th Gen - (8 GB/256 GB SSD/Windows 10 Home) 13-an0046tu Thin and Light Laptop,"73,990"
Lenovo ThinkPad E15 Core i5 11th Gen - (8 GB/512 GB SSD/Windows 10 Home) E15 Laptop,"73,990"
Avita Liber Core i7 8th Gen - (8 GB/256 GB SSD/Windows 10 Home) NS14A2IN239P Thin and Light Laptop,"73,990"
Avita Liber Core i7 8th Gen - (8 GB/256 GB SSD/Windows 10 Home) NS14A2IN247P Thin and Light Laptop,"73,990"
Avita Liber Core i7 8th Gen - (8 GB/256 GB SSD/Windows 10 Home) NS14A2IN241P Thin and Light Laptop,"73,990"
Avita Liber Core i7 8th Gen - (8 GB/256 GB SSD/Windows 10 Home) NS14A2IN244P Thin and Light Laptop,"73,990"
Avita Liber Core i7 8th Gen - (8 GB/256 GB SSD/Windows 10 Home) NS14A2IN246P Thin and Light Laptop,"73,990"
ASUS VivoBook Flip 14 Core i5 11th Gen - (8 GB/512 GB SSD/Windows 10 Home/4 GB Graphics) TP470EZ-EC033...,"73,990"
Avita Liber Core i7 8th Gen - (8 GB/256 GB SSD/Windows 10 Home) NS14A2IN249P Thin and Light Laptop,"73,990"
HP Pavilion Gaming Ryzen 5 Hexa Core 4600H - (8 GB/1 TB HDD/256 GB SSD/Windows 10 Home/4 GB Graphics/N...,"74,290"
HP HP Pavilion Gaming Core i5 10th Gen - (16 GB/512 GB SSD/Windows 10 Home/4 GB Graphics/NVIDIA GeForc...,"74,900"
MSI GF65 Thin Hexa Core i5 10th Gen - (16 GB/512 GB SSD/Windows 10 Home/6 GB Graphics/NVIDIA GeForce G...,"74,990"
ASUS ROG Strix G15 Core i5 10th Gen - (8 GB/1 TB SSD/Windows 10 Home/4 GB Graphics/NVIDIA GeForce GTX ...,"74,990"
Lenovo Ideapad 720S Core i5 8th Gen - (8 GB/512 GB SSD/Windows 10 Home) 720S-13IKB Thin and Light Lapt...,"74,990"
HP Pavilion Core i5 11th Gen - (16 GB/512 GB SSD/Windows 10 Home) 14-dv0053TU Thin and Light Laptop,"75,900"
Lenovo ThinkPad E15 Core i5 11th Gen - (8 GB/512 GB SSD/Windows 10 Home/2 GB Graphics) E15 Laptop,"75,990"
DELL G5 15 SE Ryzen 5 Hexa Core 4600H - (8 GB/512 GB SSD/Windows 10 Home/6 GB Graphics/AMD Radeon RX 5...,"75,990"
ASUS ExpertBook P2 Core i7 10th Gen - (8 GB/1 TB HDD/DOS/2 GB Graphics) ExpertBook P2 P2451FB Thin and...,"75,990"
ASUS ZenBook 13 Core i5 10th Gen - (8 GB/512 GB SSD/Windows 10 Home) UX334FL-A5822TS Thin and Light La...,"75,990"
Lenovo IdeaPad 5 Pro Core i5 11th Gen - (16 GB/512 GB SSD/Windows 10 Home) 14ITL6 Thin and Light Lapto...,"75,990"
HP 15s Core i5 10th Gen - (8 GB/1 TB HDD/256 GB SSD/Windows 10 Home/2 GB Graphics) 15s-dr2007tx Laptop,"76,000"
HP Pavilion 13 Core i5 8th Gen - (8 GB/128 GB SSD/Windows 10 Home) 13-an0045tu Thin and Light Laptop,"76,012"
Lenovo Yoga Slim 7 Ryzen 7 Octa Core 4800U - (8 GB/512 GB SSD/Windows 10 Home) 14ARE05 Thin and Light ...,"76,500"
Lenovo Core i5 11th Gen - (8 GB/512 GB SSD/Windows 10 Home/2 GB Graphics) E15 Laptop,"76,596"
DELL G15 Core i5 10th Gen - (16 GB/512 GB SSD/Windows 10/4 GB Graphics/NVIDIA GeForce GTX 1650/120 Hz)...,"76,990"
HP Pavilion Aero Ryzen 5 Hexa Core 5600U - (16 GB/512 GB SSD/Windows 10 Home) 13-BE0190AU Thin and Lig...,"76,990"
Lenovo Ideapad Gaming 3 Core i5 - (8 GB/1 TB HDD/256 GB SSD/Windows 10 Home/4 GB Graphics/NVIDIA GeFor...,"77,299"
DELL Inspiron Core i7 11th Gen - (8 GB/512 GB SSD/Windows 10 Home/2 GB Graphics) Inspiron 5409 Thin an...,"77,850"
ASUS ROG Strix G15 (2021) Ryzen 7 Octa Core 4800H - (8 GB/512 GB SSD/Windows 10 Home/4 GB Graphics/NVI...,"77,990"
ASUS VivoBook Ultra S14 Core i7 11th Gen - (8 GB + 32 GB Optane/512 GB SSD/Windows 10 Home) S433EA-AM7...,"77,990"
ASUS ROG Strix G15 (2020) Core i5 10th Gen - (8 GB/1 TB SSD/Windows 10 Home/4 GB Graphics/NVIDIA GeFor...,"77,990"
ASUS VivoBook Ultra S14 Core i7 11th Gen - (8 GB + 32 GB Optane/512 GB SSD/Windows 10 Home) S433EA-AM7...,"77,990"
ASUS ZenBook 14 Ryzen 5 Hexa Core AMD Ryzen™ 5 5500U Processor 5th Gen - (8 GB/512 GB SSD/Windows 10 H...,"77,990"
HP Pavilion Aero Ryzen 5 Hexa Core 5600U - (16 GB/512 GB SSD/Windows 10 Home) 13-BE0030AU Thin and Lig...,"77,990"
DELL Inspiron Core i5 11th Gen - (8 GB/512 GB SSD/Windows 10/2 GB Graphics) Inspiron 5410 2 in 1 Lapto...,"78,490"
Lenovo Core i5 11th Gen - (16 GB/512 GB SSD/Windows 10 Home) E15 Laptop,"78,990"
HP Envy Core i5 10th Gen - (8 GB/512 GB SSD/Windows 10 Home/2 GB Graphics) 13-ba0011tx Thin and Light ...,"78,990"
MSI Modern 14 Core i7 11th Gen - (8 GB/512 GB SSD/Windows 10 Home) Modern 14 B11MOU-473IN Notebook,"78,990"
Lenovo Yoga 6 Ryzen 7 Octa Core 4700U - (16 GB/512 GB SSD/Windows 10 Home) 13ARE05 2 in 1 Laptop,"78,990"
ASUS TUF Gaming A15 Ryzen 7 Octa Core 4800H - (8 GB/512 GB SSD/Windows 10 Home/4 GB Graphics/NVIDIA Ge...,"79,990"
ASUS Core i7 10th Gen - (8 GB/1 TB SSD/Windows 10 Home/4 GB Graphics/NVIDIA GeForce GTX 1650) FX506LH-...,"79,990"
Lenovo Yoga 7 Core i5 11th Gen - (8 GB/512 GB SSD/Windows 10 Home) 14ITL5 2 in 1 Laptop,"79,990"
acer Nitro Ryzen 5 Hexa Core 5600H - (8 GB/1 TB HDD/256 GB SSD/Windows 10 Home/4 GB Graphics/NVIDIA Ge...,"79,990"
ASUS VivoBook S14 Core i7 8th Gen - (8 GB/1 TB HDD/256 GB SSD/Windows 10 Home/2 GB Graphics) S430FN-EB...,"79,990"
MSI Prestige 14 EVO Core i5 11th Gen - (16 GB/512 GB SSD/Windows 10 Home) Prestige 14 Evo A11M-436IN T...,"79,990"
acer Nitro Core i5 11th Gen - (8 GB/1 TB HDD/256 GB SSD/Windows 10 Home/4 GB Graphics/NVIDIA GeForce R...,"79,990"
acer Predator Helios 300 Core i5 10th Gen - (8 GB/1 TB HDD/256 GB SSD/Windows 10 Home/4 GB Graphics/NV...,"79,990"
MSI GL Core i7 7th Gen - (8 GB/1 TB HDD/Windows 10 Home/4 GB Graphics/NVIDIA GeForce GTX 1050) GL62 7R...,"79,990"
DELL Core i5 11th Gen - (8 GB/512 GB SSD/Windows 10 Home/2 GB Graphics) Vostro 5402 Laptop,"79,999"
DELL Inspiron Core i5 10th Gen - (8 GB/512 GB SSD/Windows 10 Home) Inspiron 7490 Thin and Light Laptop,"80,000"
HP Pavilion Gaming Ryzen 7 Octa Core 4800H - (16 GB/1 TB HDD/256 GB SSD/Windows 10 Home/4 GB Graphics/...,"80,990"
DELL Inspiron Core i5 11th Gen - (8 GB/512 GB SSD/Windows 10 Home/2 GB Graphics) Inspiron 7400 Thin an...,"81,690"
ASUS Strix G15 Ryzen 7 Octa Core AMD Ryzen™ 7 4800H 4th Gen - (8 GB/512 GB SSD/Windows 10 Home/4 GB Gr...,"81,990"
Lenovo Legion Core i7 7th Gen - (8 GB/1 TB HDD/128 GB SSD/Windows 10 Home/4 GB Graphics/NVIDIA GeForce...,"81,990"
acer Swift 5 Core i5 8th Gen - (8 GB/256 GB SSD/Windows 10 Home) SF514-52T Thin and Light Laptop,"81,998"
ASUS ROG Strix Ryzen 7 Octa Core 4800H - (8 GB/512 GB SSD/Windows 10 Home/4 GB Graphics/NVIDIA GeForce...,"82,990"
ASUS ASUS TUF Gaming Ryzen 7 Octa Core 4800H - (16 GB/512 GB SSD/Windows 10 Home/4 GB Graphics/NVIDIA ...,"82,990"
Lenovo IdeaPad Core i7 11th Gen - (8 GB/512 GB SSD/Windows 10 Home/4 GB Graphics/NVIDIA GeForce RTX 30...,"82,990"
ASUS Viviobook K Series Core i7 11th Gen - (8 GB/1 TB HDD/256 GB SSD/Windows 10 Home/2 GB Graphics) K5...,"82,990"
ASUS Zephyrus G14 Ryzen 5 Hexa Core AMD Ryzen™ 5 4600H 4th Gen - (8 GB/512 GB SSD/Windows 10/4 GB Grap...,"83,500"
Lenovo IdeaPad Gaming Ryzen 5 Hexa Core 4600H - (8 GB/512 GB SSD/Windows 10 Home/4 GB Graphics/NVIDIA ...,"83,890"
ASUS ExpertBook P2 Core i5 10th Gen - (8 GB/1 TB HDD/Windows 10 Pro/2 GB Graphics) ExpertBook P2 P2451...,"83,990"
ASUS ExpertBook P2 Core i5 10th Gen - (8 GB/1 TB HDD/Windows 10 Pro/2 GB Graphics) ExpertBook P2 P2451...,"83,990"
MSI GF63 Thin Core i5 10th Gen - (8 GB/512 GB SSD/Windows 10 Home/4 GB Graphics/NVIDIA GeForce RTX 305...,"83,990"
HP Pavilion Gaming Ryzen 5 Hexa Core 4600H - (8 GB/1 TB HDD/256 GB SSD/Windows 10 Home/4 GB Graphics/N...,"84,000"
ASUS ROG Strix G15 Core i7 10th Gen - (16 GB/512 GB SSD/Windows 10 Home/4 GB Graphics/NVIDIA GeForce G...,"84,990"
ASUS ZenBook 13 (2021) OLED Core i5 11th Gen - (16 GB/512 GB SSD/Windows 10 Home) UX325EA-KG511TS Thin...,"84,990"
ASUS Vivobook S Core i7 11th Gen - (8 GB/512 GB SSD/Windows 10 Home/2 GB Graphics) S532EQ-BQ701TS Lapt...,"84,990"
ASUS VivoBook Ultra S15 Core i7 11th Gen - (8 GB/512 GB SSD/Windows 10 Home/2 GB Graphics) S532EQ-BQ70...,"84,990"
Lenovo Yoga Slim 7 Core i5 11th Gen - (16 GB/512 GB SSD/Windows 10 Home) 14ITL05 Thin and Light Laptop,"84,990"
acer Travelmate Core i5 11th Gen - (16 GB/1 TB HDD/256 GB SSD/Windows 10 Home) TravelMate P214-53 Thin...,"85,000"
HP Envy 13 Ryzen 5 Quad Core 3500U - (8 GB/512 GB SSD/Windows 10 Home) 13-ar0118AU 2 in 1 Laptop,"85,000"
ASUS ZenBook Flip 3 Core i7 8th Gen - (8 GB/512 GB SSD/Windows 10 Home) UX362FA-EL701T 2 in 1 Laptop,"85,031"
ASUS ZenBook 14 Core i7 8th Gen - (8 GB/512 GB SSD/Windows 10 Home) UX433FA-A6111T Thin and Light Lapt...,"85,990"
ASUS TUF Dash F15 Core i5 11th Gen - (16 GB/512 GB SSD/Windows 10 Home/4 GB Graphics/NVIDIA GeForce RT...,"85,990"
ASUS ZenBook Duo Core i5 10th Gen - (8 GB/512 GB SSD/Windows 10 Home/2 GB Graphics) UX481FL-HJ551TS Th...,"85,990"
ASUS Pro P5 Core i5 8th Gen - (8 GB/512 GB SSD/Windows 10 Pro) Pro P5 P5440FA Thin and Light Laptop,"85,990"
Lenovo Ideapad 720S Core i7 8th Gen - (8 GB/512 GB SSD/Windows 10 Home) 720S-13IKB Thin and Light Lapt...,"86,000"
Lenovo Core i5 10th Gen - (8 GB/1 TB HDD/256 GB SSD/Windows 10/4 GB Graphics/NVIDIA GeForce GTX GTX 16...,"86,500"
acer Swift 7 Core i5 7th Gen - (8 GB/256 GB SSD/Windows 10 Home) SF713-51 Thin and Light Laptop,"86,867"
Lenovo Yoga 7 Core i5 11th Gen - (16 GB/512 GB SSD/Windows 10 Home) 14ITL5 2 in 1 Laptop,"86,990"
ASUS Ryzen 5 Hexa Core 5600U - (16 GB/512 GB SSD/Windows 10 Home) UM325SA-KG502TS Thin and Light Lapto...,"86,990"
ASUS ExpertBook P2 Core i5 10th Gen - (8 GB/512 GB SSD/Windows 10 Pro/2 GB Graphics) ExpertBook P2 P24...,"86,990"
HP Omen Ryzen 5 Hexa Core 4600H - (8 GB/512 GB SSD/Windows 10 Home/4 GB Graphics/NVIDIA GeForce GTX 16...,"87,900"
ASUS ROG Strix G15 (2021) Ryzen 5 Hexa Core 5600H - (8 GB/1 TB SSD/Windows 10 Home/4 GB Graphics/NVIDI...,"87,990"
ASUS TUF Gaming A17 Ryzen 7 Octa Core 4800H - (16 GB/1 TB HDD/256 GB SSD/Windows 10 Home/6 GB Graphics...,"88,990"
APPLE MacBook Air M1 - (8 GB/256 GB SSD/Mac OS Big Sur) MGN63HN/A,"88,990"
APPLE MacBook Air M1 - (8 GB/256 GB SSD/Mac OS Big Sur) MGND3HN/A,"88,990"
DELL GAMING G5 SERIES Core i5 10th Gen - (8 GB/512 GB SSD/Windows 10/4 GB Graphics/NVIDIA GeForce GTX ...,"89,490"
Lenovo IdeaPad Gaming 3i Core i7 10th Gen - (8 GB/1 TB HDD/256 GB SSD/Windows 10 Home/4 GB Graphics/NV...,"89,799"
HP Pavilion Ryzen 7 Octa Core 5800H - (16 GB/512 GB SSD/Windows 10 Home/4 GB Graphics/NVIDIA GeForce R...,"89,990"
ASUS ROG Strix G15 (2020) Octa Core i7 10th Gen - (16 GB/1 TB SSD/Windows 10 Home/4 GB Graphics/NVIDIA...,"89,990"
MICROSOFT Surface Laptop 3 Core i5 10th Gen - (8 GB/128 GB SSD/Windows 10 Home) 1867 Laptop,"89,990"
ASUS ZenBook Flip 13 OLED Core i5 11th Gen - (8 GB/512 GB SSD/Windows 10 Home) UX363EA-HP502TS 2 in 1 ...,"89,990"
ASUS ASUS TUF Gaming F17 Core i5 11th Gen - (8 GB/512 GB SSD/Windows 10 Home/4 GB Graphics/NVIDIA GeFo...,"89,990"
ASUS ROG Strix G15 Ryzen 5 Hexa Core 5600H - (16 GB/512 GB SSD/Windows 10 Home/4 GB Graphics/NVIDIA Ge...,"89,990"
MSI Modern 14 Core i7 11th Gen - (8 GB/512 GB SSD/Windows 10 Home/2 GB Graphics) Modern 14 B11SBU-496I...,"89,990"
ASUS ASUS TUF Dash Core i5 11th Gen - (16 GB/512 GB SSD/Windows 10 Home/4 GB Graphics/NVIDIA GeForce R...,"89,990"
ASUS TUF Dash F15 Core i5 11th Gen - (8 GB/1 TB SSD/Windows 10 Home/4 GB Graphics/NVIDIA GeForce RTX 3...,"89,990"
MSI Prestige 14 Core i7 10th Gen - (16 GB/512 GB SSD/Windows 10 Home/2 GB Graphics) Prestige 14 A10RAS...,"89,990"
acer Swift Ryzen 5 Hexa Core 5500U - (8 GB/512 GB SSD/Windows 10 Home) SF314-43 Thin and Light Laptop,"89,999"
HP Pavilion Core i7 10th Gen - (16 GB + 32 GB Optane/512 GB SSD/Windows 10 Home/4 GB Graphics/NVIDIA G...,"90,190"
HP Core i7 10th Gen - (16 GB + 32 GB Optane/512 GB SSD/Windows 10 Home/4 GB Graphics/NVIDIA GeForce GT...,"90,990"
ASUS ROG Strix G15 Ryzen 7 Octa Core AMD Ryzen™ 7 4800H 4th Gen - (8 GB/512 GB SSD/Windows 10 Home/4 G...,"90,990"
ASUS F15 (2021) Core i5 11th Gen - (8 GB/1 TB SSD/Windows 10 Home/4 GB Graphics/NVIDIA GeForce RTX 305...,"90,990"
HP Core i7 11th Gen - (16 GB/1 TB SSD/Windows 10 Home) 13-BB0078TU Thin and Light Laptop,"92,190"
APPLE MacBook Air M1 - (8 GB/256 GB SSD/Mac OS Big Sur) MGN93HN/A,"92,900"
MSI GF65 Thin Hexa Core i5 10th Gen - (16 GB/512 GB SSD/Windows 10 Home/6 GB Graphics/NVIDIA GeForce R...,"92,990"
APPLE MacBook Air Core i5 10th Gen - (8 GB/256 GB SSD/Mac OS Catalina) Z0YJ001KD,"92,990"
ASUS TUF Gaming F17 (2021) Core i5 11th Gen - (8 GB/1 TB SSD/Windows 10 Home/4 GB Graphics/NVIDIA GeFo...,"92,990"
ASUS ZenBook Flip 13 OLED Core i5 11th Gen - (8 GB/512 GB SSD/Windows 10 Home) UX363EA-HP501TS 2 in 1 ...,"92,990"
HP Pavilion Gaming Core i7 11th Gen - (16 GB/512 GB SSD/Windows 10 Home/4 GB Graphics/NVIDIA GeForce G...,"93,190"
HP Pavilion Gaming Core i5 10th Gen - (8 GB/1 TB HDD/256 GB SSD/Windows 10 Home/4 GB Graphics/NVIDIA G...,"93,400"
ASUS ExpertBook P2 Core i7 10th Gen - (8 GB/1 TB HDD/Windows 10 Pro/2 GB Graphics) ExpertBook P2 P2451...,"93,990"
ASUS F17 Core i5 11th Gen - (8 GB/1 TB SSD/Windows 10 Home/4 GB Graphics/NVIDIA GeForce RTX 3050/144 H...,"93,990"
ASUS TUF Dash F15 Core i5 11th Gen - (8 GB/1 TB SSD/Windows 10 Home/4 GB Graphics/NVIDIA GeForce RTX 3...,"94,490"
ASUS ZenBook 14 Core i5 11th Gen - (8 GB/512 GB SSD/Windows 10 Home/2 GB Graphics) UX435EG-AI501TS Thi...,"94,990"
ASUS ZenBook 14 Core i5 11th Gen - (8 GB/512 GB SSD/Windows 10 Home/2 GB Graphics) UX435EG-AI501TS Thi...,"94,990"
ASUS TUF Dash F15 (2021) Core i5 11th Gen - (16 GB/512 GB SSD/Windows 10 Home/6 GB Graphics/NVIDIA GeF...,"94,990"
ASUS ROG Zephyrus G14 Ryzen 7 Octa Core AMD Ryzen™ 7 5800H 5th Gen - (8 GB/512 GB SSD/Windows 10 Home/...,"94,990"
HP Omen Core i5 10th Gen - (8 GB/1 TB SSD/Windows 10 Home/4 GB Graphics/NVIDIA GeForce GTX 1650 Ti) 15...,"95,000"
ASUS ZenBook 14 Core i7 11th Gen - (16 GB/512 GB SSD/Windows 10 Home) UX425EA-KI701TS Thin and Light L...,"95,900"
Lenovo Core i5 10th Gen - (8 GB/256 GB SSD/Windows 10/NVIDIA GeForce GTX) 82AU004QIN Gaming Laptop,"95,949"
MSI GL Core i7 7th Gen - (8 GB/1 TB HDD/Windows 10 Home/4 GB Graphics/NVIDIA GeForce GTX 1050) GL62 7R...,"95,990"
ASUS ZenBook 14 (2021) Ryzen 7 Octa Core 5700U - (16 GB/512 GB SSD/Windows 10 Home) UM425UA-AM702TS Th...,"95,990"
HP Envy x360 Ryzen 5 Hexa Core 4500U - (8 GB/512 GB SSD/Windows 10 Home) 13-AY0045AU 2 in 1 Laptop,"97,500"
lenovo Yoga 7 Core i7 11th Gen Intel EVO - (16 GB/512 GB SSD/Windows 10 Home) 14ITL5 2 in 1 Laptop,"97,990"
Nexstgo Core i5 8th Gen - (16 GB/512 GB SSD/Windows 10 Pro) NX101 Thin and Light Laptop,"97,990"
acer Swift 5 Core i7 11th Gen Intel EVO - (16 GB/1 TB SSD/Windows 10 Home) SF514-55TA-72VG Thin and Li...,"97,999"
Lenovo Ideapad Gaming 3 Ryzen 7 Octa Core 4800H - (8 GB/1 TB HDD/256 GB SSD/Windows 10 Home/4 GB Graph...,"98,390"
ASUS Pro P5 Core i7 8th Gen - (8 GB/1 TB HDD/256 GB SSD/Windows 10 Pro) Pro P5 P5440FA Thin and Light ...,"98,912"
acer ConceptD 5 Core i5 8th Gen - (8 GB/512 GB SSD/Windows 10 Home/4 GB Graphics) CN515-51 Thin and Li...,"99,500"
ASUS ZenBook Duo 14 (2021) Core i5 11th Gen - (8 GB/512 GB SSD/Windows 10 Home) UX482EA-KA501TS Thin a...,"99,990"
MSI Katana GF66 Core i7 11th Gen - (16 GB/1 TB SSD/Windows 10 Home/4 GB Graphics/NVIDIA GeForce RTX 30...,"99,990"
Lenovo ThinkPad E15 Core i7 11th Gen - (16 GB/512 GB SSD/Windows 10 Home/2 GB Graphics) E15 Laptop,"99,990"
MSI Prestige 15 Core i7 10th Gen - (16 GB/512 GB SSD/Windows 10 Home/4 GB Graphics) Prestige 15 A10SC-...,"99,990"
HP HP Envy Ryzen 7 Octa Core 4700U - (16 GB/1 TB SSD/Windows 10 Home) 13-ay0508au Thin and Light Lapto...,"99,990"
MICROSOFT Surface Laptop 3 Ryzen 5 Quad Core 3580U - (8 GB/128 GB SSD/Windows 10 Home) 1873 Laptop,"99,990"
MSI GL Core i7 7th Gen - (8 GB/1 TB HDD/128 GB SSD/Windows 10 Home/4 GB Graphics/NVIDIA GeForce 1050Ti...,"99,990"
